{"v":"4.13.0","fr":29.9700012207031,"ip":0,"op":120.0000048877,"w":800,"h":341,"nm":"onboarding 1","ddd":0,"comps":[],"layers":[{"ddd":0,"ind":1,"ty":4,"nm":"Capa de formas 1","sr":1,"ks":{"o":{"a":1,"k":[{"i":{"x":[0.833],"y":[0.833]},"o":{"x":[0.167],"y":[0.167]},"n":["0p833_0p833_0p167_0p167"],"t":0,"s":[100],"e":[0]},{"i":{"x":[0.833],"y":[0.833]},"o":{"x":[0.167],"y":[0.167]},"n":["0p833_0p833_0p167_0p167"],"t":5,"s":[0],"e":[0]},{"i":{"x":[0.833],"y":[0.833]},"o":{"x":[0.167],"y":[0.167]},"n":["0p833_0p833_0p167_0p167"],"t":114,"s":[0],"e":[100]},{"t":119.000004846969}],"ix":11},"r":{"a":0,"k":0,"ix":10},"p":{"a":0,"k":[400,170.5,0],"ix":2},"a":{"a":0,"k":[0,0,0],"ix":1},"s":{"a":0,"k":[100,100,100],"ix":6}},"ao":0,"shapes":[{"ty":"gr","it":[{"ty":"rc","d":1,"s":{"a":0,"k":[880.117,408.148],"ix":2},"p":{"a":0,"k":[0,0],"ix":3},"r":{"a":0,"k":0,"ix":4},"nm":"Trazado de rectángulo 1","mn":"ADBE Vector Shape - Rect","hd":false},{"ty":"fl","c":{"a":0,"k":[1,1,1,1],"ix":4},"o":{"a":0,"k":100,"ix":5},"r":1,"nm":"Relleno 1","mn":"ADBE Vector Graphic - Fill","hd":false},{"ty":"tr","p":{"a":0,"k":[16.059,5.574],"ix":2},"a":{"a":0,"k":[0,0],"ix":1},"s":{"a":0,"k":[100,100],"ix":3},"r":{"a":0,"k":0,"ix":6},"o":{"a":0,"k":100,"ix":7},"sk":{"a":0,"k":0,"ix":4},"sa":{"a":0,"k":0,"ix":5},"nm":"Transformar"}],"nm":"Rectángulo 1","np":3,"cix":2,"ix":1,"mn":"ADBE Vector Group","hd":false}],"ip":0,"op":120.0000048877,"st":0,"bm":0},{"ddd":0,"ind":2,"ty":4,"nm":"¿Sabías  que... contornos","sr":1,"ks":{"o":{"a":0,"k":100,"ix":11},"r":{"a":0,"k":0,"ix":10},"p":{"a":0,"k":[552.5,113.5,0],"ix":2},"a":{"a":0,"k":[1.025,21.529,0],"ix":1},"s":{"a":1,"k":[{"i":{"x":[0.245,0.245,0.667],"y":[0.986,0.986,1]},"o":{"x":[0.448,0.448,0.333],"y":[0.002,0.002,0]},"n":["0p245_0p986_0p448_0p002","0p245_0p986_0p448_0p002","0p667_1_0p333_0"],"t":54,"s":[0,0,100],"e":[100.392,100.392,100]},{"t":62.0000025253118}],"ix":6}},"ao":0,"shapes":[{"ty":"gr","it":[{"ind":0,"ty":"sh","ix":1,"ks":{"a":0,"k":{"i":[[0.696,0],[0,0],[0.372,-0.372],[0,-0.696],[0,0],[-0.372,-0.372],[-0.696,0],[0,0],[-0.372,0.372],[0,0.696],[0,0],[0.372,0.372]],"o":[[0,0],[-0.696,0],[-0.372,0.372],[0,0],[0,0.696],[0.372,0.372],[0,0],[0.696,0],[0.372,-0.372],[0,0],[0,-0.696],[-0.372,-0.372]],"v":[[10.8,-18.9],[10.332,-18.9],[8.73,-18.342],[8.172,-16.74],[8.172,-16.128],[8.73,-14.526],[10.332,-13.968],[10.8,-13.968],[12.402,-14.526],[12.96,-16.128],[12.96,-16.74],[12.402,-18.342]],"c":true},"ix":2},"nm":"¿","mn":"ADBE Vector Shape - Group","hd":false},{"ind":1,"ty":"sh","ix":2,"ks":{"a":0,"k":{"i":[[0,0.624],[0,0],[0.408,0.42],[0.624,0],[0.408,-0.42],[0,-0.624],[0,0],[0.12,-0.048],[1.32,-1.344],[0,-2.304],[-0.792,-1.308],[-1.344,-0.744],[-1.632,0],[-1.164,0.492],[-0.864,0.888],[0,0.552],[0.624,0.48],[0.456,0],[0.576,-0.528],[1.32,0],[0.864,0.792],[0,1.2],[-0.96,0.744],[-1.584,0],[-0.408,0.42]],"o":[[0,0],[0,-0.624],[-0.408,-0.42],[-0.624,0],[-0.408,0.42],[0,0],[0,0.072],[-2.184,0.336],[-1.32,1.344],[0,1.56],[0.792,1.308],[1.344,0.744],[1.32,0],[1.164,-0.492],[0.456,-0.456],[0,-0.648],[-0.36,-0.288],[-0.624,0],[-1.008,0.888],[-1.296,0],[-0.864,-0.792],[0,-1.56],[0.96,-0.744],[0.624,0],[0.408,-0.42]],"v":[[12.78,-7.524],[12.78,-10.26],[12.168,-11.826],[10.62,-12.456],[9.072,-11.826],[8.46,-10.26],[8.46,-8.928],[8.28,-8.748],[3.024,-6.228],[1.044,-0.756],[2.232,3.546],[5.436,6.624],[9.9,7.74],[13.626,7.002],[16.668,4.932],[17.352,3.42],[16.416,1.728],[15.192,1.296],[13.392,2.088],[9.9,3.42],[6.66,2.232],[5.364,-0.756],[6.804,-4.212],[10.62,-5.328],[12.168,-5.958]],"c":true},"ix":2},"nm":"¿","mn":"ADBE Vector Shape - Group","hd":false},{"ty":"mm","mm":1,"nm":"Combinar trazados 1","mn":"ADBE Vector Filter - Merge","hd":false},{"ty":"fl","c":{"a":0,"k":[0.270588235294,0.439215716194,1,1],"ix":4},"o":{"a":0,"k":100,"ix":5},"r":1,"nm":"Relleno 1","mn":"ADBE Vector Graphic - Fill","hd":false},{"ty":"tr","p":{"a":0,"k":[0,0],"ix":2},"a":{"a":0,"k":[0,0],"ix":1},"s":{"a":0,"k":[100,100],"ix":3},"r":{"a":0,"k":0,"ix":6},"o":{"a":0,"k":100,"ix":7},"sk":{"a":0,"k":0,"ix":4},"sa":{"a":0,"k":0,"ix":5},"nm":"Transformar"}],"nm":"¿","np":5,"cix":2,"ix":1,"mn":"ADBE Vector Group","hd":false},{"ty":"gr","it":[{"ind":0,"ty":"sh","ix":1,"ks":{"a":0,"k":{"i":[[-1.728,0],[-1.416,0.612],[-0.852,1.14],[0,1.512],[0.624,0.972],[1.236,0.564],[2.064,0.36],[0.852,0.528],[0,1.032],[-0.828,0.564],[-1.512,0],[-1.116,-0.42],[-0.624,-0.504],[-0.36,0],[-0.408,0.42],[0,0.552],[0.696,0.552],[1.332,0.456],[1.512,0],[1.368,-0.588],[0.792,-1.116],[0,-1.512],[-5.256,-0.768],[-0.96,-0.612],[0,-1.08],[0.972,-0.6],[1.344,0],[0.912,0.36],[0.96,0.792],[0.456,0],[0.408,-0.42],[0,-0.552],[-0.648,-0.576],[-1.344,-0.432]],"o":[[1.632,0],[1.416,-0.612],[0.852,-1.14],[0,-1.608],[-0.624,-0.972],[-1.236,-0.564],[-1.824,-0.336],[-0.852,-0.528],[0,-0.912],[0.828,-0.564],[0.888,0],[1.116,0.42],[0.288,0.216],[0.552,0],[0.408,-0.42],[0,-0.72],[-0.888,-0.744],[-1.332,-0.456],[-1.68,0],[-1.368,0.588],[-0.792,1.116],[0,4.128],[2.088,0.312],[0.96,0.612],[0,0.888],[-0.972,0.6],[-1.248,0],[-0.912,-0.36],[-0.36,-0.288],[-0.576,0],[-0.408,0.42],[0,0.696],[1.176,1.032],[1.344,0.432]],"v":[[29.772,0.36],[34.344,-0.558],[37.746,-3.186],[39.024,-7.164],[38.088,-11.034],[35.298,-13.338],[30.348,-14.724],[26.334,-16.02],[25.056,-18.36],[26.298,-20.574],[29.808,-21.42],[32.814,-20.79],[35.424,-19.404],[36.396,-19.08],[37.836,-19.71],[38.448,-21.168],[37.404,-23.076],[34.074,-24.876],[29.808,-25.56],[25.236,-24.678],[21.996,-22.122],[20.808,-18.18],[28.692,-10.836],[33.264,-9.45],[34.704,-6.912],[33.246,-4.68],[29.772,-3.78],[26.532,-4.32],[23.724,-6.048],[22.5,-6.48],[21.024,-5.85],[20.412,-4.392],[21.384,-2.484],[25.164,-0.288]],"c":true},"ix":2},"nm":"S","mn":"ADBE Vector Shape - Group","hd":false},{"ty":"fl","c":{"a":0,"k":[0.270588235294,0.439215716194,1,1],"ix":4},"o":{"a":0,"k":100,"ix":5},"r":1,"nm":"Relleno 1","mn":"ADBE Vector Graphic - Fill","hd":false},{"ty":"tr","p":{"a":0,"k":[0,0],"ix":2},"a":{"a":0,"k":[0,0],"ix":1},"s":{"a":0,"k":[100,100],"ix":3},"r":{"a":0,"k":0,"ix":6},"o":{"a":0,"k":100,"ix":7},"sk":{"a":0,"k":0,"ix":4},"sa":{"a":0,"k":0,"ix":5},"nm":"Transformar"}],"nm":"S","np":3,"cix":2,"ix":2,"mn":"ADBE Vector Group","hd":false},{"ty":"gr","it":[{"ind":0,"ty":"sh","ix":1,"ks":{"a":0,"k":{"i":[[0.624,0],[0.408,-0.42],[0,-0.624],[0,0],[1.008,0.42],[1.152,0],[1.332,-0.852],[0.768,-1.524],[0,-1.92],[-0.78,-1.512],[-1.344,-0.852],[-1.656,0],[-1.02,0.492],[-0.6,0.696],[-0.396,-0.408],[-0.624,0],[-0.408,0.42],[0,0.624],[0,0],[0.408,0.408]],"o":[[-0.624,0],[-0.408,0.42],[0,0],[-0.696,-0.648],[-1.008,-0.42],[-1.608,0],[-1.332,0.852],[-0.768,1.524],[0,1.92],[0.78,1.512],[1.344,0.852],[1.128,0],[1.02,-0.492],[0.024,0.624],[0.396,0.408],[0.624,0],[0.408,-0.42],[0,0],[0,-0.648],[-0.408,-0.408]],"v":[[58.391,-19.62],[56.843,-18.99],[56.231,-17.424],[56.231,-17.388],[53.675,-18.99],[50.435,-19.62],[46.025,-18.342],[42.875,-14.778],[41.723,-9.612],[42.893,-4.464],[46.079,-0.918],[50.579,0.36],[53.801,-0.378],[56.231,-2.16],[56.861,-0.612],[58.391,0],[59.939,-0.63],[60.551,-2.196],[60.551,-17.424],[59.939,-19.008]],"c":true},"ix":2},"nm":"a","mn":"ADBE Vector Shape - Group","hd":false},{"ind":1,"ty":"sh","ix":2,"ks":{"a":0,"k":{"i":[[1.56,0],[0.972,1.14],[0,1.728],[-0.984,1.152],[-1.536,0],[-0.984,-1.152],[0,-1.728],[0.984,-1.14]],"o":[[-1.56,0],[-0.972,-1.14],[0,-1.728],[0.984,-1.152],[1.56,0],[0.984,1.152],[0,1.728],[-0.984,1.14]],"v":[[51.119,-3.6],[47.321,-5.31],[45.863,-9.612],[47.339,-13.932],[51.119,-15.66],[54.935,-13.932],[56.411,-9.612],[54.935,-5.31]],"c":true},"ix":2},"nm":"a","mn":"ADBE Vector Shape - Group","hd":false},{"ty":"mm","mm":1,"nm":"Combinar trazados 1","mn":"ADBE Vector Filter - Merge","hd":false},{"ty":"fl","c":{"a":0,"k":[0.270588235294,0.439215716194,1,1],"ix":4},"o":{"a":0,"k":100,"ix":5},"r":1,"nm":"Relleno 1","mn":"ADBE Vector Graphic - Fill","hd":false},{"ty":"tr","p":{"a":0,"k":[0,0],"ix":2},"a":{"a":0,"k":[0,0],"ix":1},"s":{"a":0,"k":[100,100],"ix":3},"r":{"a":0,"k":0,"ix":6},"o":{"a":0,"k":100,"ix":7},"sk":{"a":0,"k":0,"ix":4},"sa":{"a":0,"k":0,"ix":5},"nm":"Transformar"}],"nm":"a","np":5,"cix":2,"ix":3,"mn":"ADBE Vector Group","hd":false},{"ty":"gr","it":[{"ind":0,"ty":"sh","ix":1,"ks":{"a":0,"k":{"i":[[1.656,0],[1.032,-0.54],[0.576,-0.72],[0,0],[0.408,0.42],[0.624,0],[0.408,-0.42],[0,-0.624],[0,0],[-0.408,-0.408],[-0.624,0],[-0.408,0.42],[0,0.624],[0,0],[-1.02,-0.468],[-1.152,0],[-1.332,0.852],[-0.768,1.524],[0,1.92],[0.78,1.512],[1.344,0.852]],"o":[[-1.128,0],[-1.032,0.54],[0,0],[0,-0.624],[-0.408,-0.42],[-0.624,0],[-0.408,0.42],[0,0],[0,0.648],[0.408,0.408],[0.624,0],[0.408,-0.42],[0,0],[0.672,0.672],[1.02,0.468],[1.608,0],[1.332,-0.852],[0.768,-1.524],[0,-1.92],[-0.78,-1.512],[-1.344,-0.852]],"v":[[75.203,-19.62],[71.963,-18.81],[69.551,-16.92],[69.551,-24.444],[68.939,-26.01],[67.391,-26.64],[65.843,-26.01],[65.231,-24.444],[65.231,-1.836],[65.843,-0.252],[67.391,0.36],[68.939,-0.27],[69.551,-1.836],[69.551,-2.052],[72.089,-0.342],[75.347,0.36],[79.757,-0.918],[82.907,-4.482],[84.059,-9.648],[82.889,-14.796],[79.703,-18.342]],"c":true},"ix":2},"nm":"b","mn":"ADBE Vector Shape - Group","hd":false},{"ind":1,"ty":"sh","ix":2,"ks":{"a":0,"k":{"i":[[1.536,0],[0.984,1.152],[0,1.728],[-0.984,1.14],[-1.56,0],[-0.972,-1.14],[0,-1.728],[0.984,-1.152]],"o":[[-1.56,0],[-0.984,-1.152],[0,-1.728],[0.984,-1.14],[1.56,0],[0.972,1.14],[0,1.728],[-0.984,1.152]],"v":[[74.663,-3.6],[70.847,-5.328],[69.371,-9.648],[70.847,-13.95],[74.663,-15.66],[78.461,-13.95],[79.919,-9.648],[78.443,-5.328]],"c":true},"ix":2},"nm":"b","mn":"ADBE Vector Shape - Group","hd":false},{"ty":"mm","mm":1,"nm":"Combinar trazados 1","mn":"ADBE Vector Filter - Merge","hd":false},{"ty":"fl","c":{"a":0,"k":[0.270588235294,0.439215716194,1,1],"ix":4},"o":{"a":0,"k":100,"ix":5},"r":1,"nm":"Relleno 1","mn":"ADBE Vector Graphic - Fill","hd":false},{"ty":"tr","p":{"a":0,"k":[0,0],"ix":2},"a":{"a":0,"k":[0,0],"ix":1},"s":{"a":0,"k":[100,100],"ix":3},"r":{"a":0,"k":0,"ix":6},"o":{"a":0,"k":100,"ix":7},"sk":{"a":0,"k":0,"ix":4},"sa":{"a":0,"k":0,"ix":5},"nm":"Transformar"}],"nm":"b","np":5,"cix":2,"ix":4,"mn":"ADBE Vector Group","hd":false},{"ty":"gr","it":[{"ind":0,"ty":"sh","ix":1,"ks":{"a":0,"k":{"i":[[0,0.624],[0,0],[0.408,0.42],[0.624,0],[0.408,-0.42],[0,-0.624],[0,0],[-0.408,-0.42],[-0.624,0],[-0.408,0.42]],"o":[[0,0],[0,-0.624],[-0.408,-0.42],[-0.624,0],[-0.408,0.42],[0,0],[0,0.624],[0.408,0.42],[0.624,0],[0.408,-0.42]],"v":[[91.726,-2.196],[91.726,-17.064],[91.114,-18.63],[89.566,-19.26],[88.018,-18.63],[87.406,-17.064],[87.406,-2.196],[88.018,-0.63],[89.566,0],[91.114,-0.63]],"c":true},"ix":2},"nm":"í","mn":"ADBE Vector Shape - Group","hd":false},{"ind":1,"ty":"sh","ix":2,"ks":{"a":0,"k":{"i":[[-0.24,0],[-0.384,0.408],[0,0],[-0.048,0.552],[0.324,0.336],[0.648,0],[0.336,-0.264],[0.24,-0.432],[0,0],[0,-0.216],[-0.276,-0.216]],"o":[[0.696,0],[0,0],[0.408,-0.48],[0.024,-0.528],[-0.324,-0.336],[-0.408,0],[-0.336,0.264],[0,0],[-0.144,0.24],[-0.024,0.36],[0.276,0.216]],"v":[[89.746,-20.484],[91.366,-21.096],[94.102,-24.12],[94.786,-25.668],[94.336,-26.964],[92.878,-27.468],[91.762,-27.072],[90.898,-26.028],[88.81,-22.356],[88.594,-21.672],[88.972,-20.808]],"c":true},"ix":2},"nm":"í","mn":"ADBE Vector Shape - Group","hd":false},{"ty":"mm","mm":1,"nm":"Combinar trazados 1","mn":"ADBE Vector Filter - Merge","hd":false},{"ty":"fl","c":{"a":0,"k":[0.270588235294,0.439215716194,1,1],"ix":4},"o":{"a":0,"k":100,"ix":5},"r":1,"nm":"Relleno 1","mn":"ADBE Vector Graphic - Fill","hd":false},{"ty":"tr","p":{"a":0,"k":[0,0],"ix":2},"a":{"a":0,"k":[0,0],"ix":1},"s":{"a":0,"k":[100,100],"ix":3},"r":{"a":0,"k":0,"ix":6},"o":{"a":0,"k":100,"ix":7},"sk":{"a":0,"k":0,"ix":4},"sa":{"a":0,"k":0,"ix":5},"nm":"Transformar"}],"nm":"í","np":5,"cix":2,"ix":5,"mn":"ADBE Vector Group","hd":false},{"ty":"gr","it":[{"ind":0,"ty":"sh","ix":1,"ks":{"a":0,"k":{"i":[[0.624,0],[0.408,-0.42],[0,-0.624],[0,0],[1.008,0.42],[1.152,0],[1.332,-0.852],[0.768,-1.524],[0,-1.92],[-0.78,-1.512],[-1.344,-0.852],[-1.656,0],[-1.02,0.492],[-0.6,0.696],[-0.396,-0.408],[-0.624,0],[-0.408,0.42],[0,0.624],[0,0],[0.408,0.408]],"o":[[-0.624,0],[-0.408,0.42],[0,0],[-0.696,-0.648],[-1.008,-0.42],[-1.608,0],[-1.332,0.852],[-0.768,1.524],[0,1.92],[0.78,1.512],[1.344,0.852],[1.128,0],[1.02,-0.492],[0.024,0.624],[0.396,0.408],[0.624,0],[0.408,-0.42],[0,0],[0,-0.648],[-0.408,-0.408]],"v":[[111.742,-19.62],[110.194,-18.99],[109.582,-17.424],[109.582,-17.388],[107.026,-18.99],[103.786,-19.62],[99.376,-18.342],[96.226,-14.778],[95.074,-9.612],[96.244,-4.464],[99.43,-0.918],[103.93,0.36],[107.152,-0.378],[109.582,-2.16],[110.212,-0.612],[111.742,0],[113.29,-0.63],[113.902,-2.196],[113.902,-17.424],[113.29,-19.008]],"c":true},"ix":2},"nm":"a","mn":"ADBE Vector Shape - Group","hd":false},{"ind":1,"ty":"sh","ix":2,"ks":{"a":0,"k":{"i":[[1.56,0],[0.972,1.14],[0,1.728],[-0.984,1.152],[-1.536,0],[-0.984,-1.152],[0,-1.728],[0.984,-1.14]],"o":[[-1.56,0],[-0.972,-1.14],[0,-1.728],[0.984,-1.152],[1.56,0],[0.984,1.152],[0,1.728],[-0.984,1.14]],"v":[[104.47,-3.6],[100.672,-5.31],[99.214,-9.612],[100.69,-13.932],[104.47,-15.66],[108.286,-13.932],[109.762,-9.612],[108.286,-5.31]],"c":true},"ix":2},"nm":"a","mn":"ADBE Vector Shape - Group","hd":false},{"ty":"mm","mm":1,"nm":"Combinar trazados 1","mn":"ADBE Vector Filter - Merge","hd":false},{"ty":"fl","c":{"a":0,"k":[0.270588235294,0.439215716194,1,1],"ix":4},"o":{"a":0,"k":100,"ix":5},"r":1,"nm":"Relleno 1","mn":"ADBE Vector Graphic - Fill","hd":false},{"ty":"tr","p":{"a":0,"k":[0,0],"ix":2},"a":{"a":0,"k":[0,0],"ix":1},"s":{"a":0,"k":[100,100],"ix":3},"r":{"a":0,"k":0,"ix":6},"o":{"a":0,"k":100,"ix":7},"sk":{"a":0,"k":0,"ix":4},"sa":{"a":0,"k":0,"ix":5},"nm":"Transformar"}],"nm":"a","np":5,"cix":2,"ix":6,"mn":"ADBE Vector Group","hd":false},{"ty":"gr","it":[{"ind":0,"ty":"sh","ix":1,"ks":{"a":0,"k":{"i":[[-0.216,-0.288],[-1.368,-0.528],[-1.584,0],[-1.092,0.456],[-0.696,0.876],[0,1.176],[0.6,0.792],[0.864,0.384],[1.296,0.36],[0.516,0.18],[0.336,0.324],[0,0.528],[-1.824,0],[-0.684,-0.312],[-0.432,-0.528],[-0.528,0],[-0.336,0.264],[0,0.552],[0.312,0.384],[1.224,0.456],[1.224,0],[1.068,-0.468],[0.66,-0.852],[0,-1.152],[-0.636,-0.78],[-0.876,-0.384],[-1.392,-0.384],[-0.636,-0.36],[0,-0.696],[1.872,-0.072],[0.78,0.36],[0.72,0.744],[0.504,0],[0.336,-0.216],[0,-0.624]],"o":[[0.864,1.176],[1.368,0.528],[1.152,0],[1.092,-0.456],[0.696,-0.876],[0,-1.296],[-0.6,-0.792],[-0.864,-0.384],[-0.936,-0.264],[-0.516,-0.18],[-0.336,-0.324],[0,-1.32],[0.864,0],[0.684,0.312],[0.336,0.336],[0.432,0],[0.456,-0.36],[0,-0.48],[-0.696,-0.888],[-1.224,-0.456],[-1.2,0],[-1.068,0.468],[-0.66,0.852],[0,1.32],[0.636,0.78],[0.876,0.384],[1.344,0.36],[0.636,0.36],[0,1.344],[-1.104,0],[-0.78,-0.36],[-0.456,-0.456],[-0.36,0],[-0.624,0.432],[0,0.432]],"v":[[117.465,-2.988],[120.813,-0.432],[125.241,0.36],[128.607,-0.324],[131.289,-2.322],[132.333,-5.4],[131.433,-8.532],[129.237,-10.296],[125.997,-11.412],[123.819,-12.078],[122.541,-12.834],[122.037,-14.112],[124.773,-16.092],[127.095,-15.624],[128.769,-14.364],[130.065,-13.86],[131.217,-14.256],[131.901,-15.624],[131.433,-16.92],[128.553,-18.936],[124.881,-19.62],[121.479,-18.918],[118.887,-16.938],[117.897,-13.932],[118.851,-10.782],[121.119,-9.036],[124.521,-7.884],[127.491,-6.804],[128.445,-5.22],[125.637,-3.096],[122.811,-3.636],[120.561,-5.292],[119.121,-5.976],[118.077,-5.652],[117.141,-4.068]],"c":true},"ix":2},"nm":"s","mn":"ADBE Vector Shape - Group","hd":false},{"ty":"fl","c":{"a":0,"k":[0.270588235294,0.439215716194,1,1],"ix":4},"o":{"a":0,"k":100,"ix":5},"r":1,"nm":"Relleno 1","mn":"ADBE Vector Graphic - Fill","hd":false},{"ty":"tr","p":{"a":0,"k":[0,0],"ix":2},"a":{"a":0,"k":[0,0],"ix":1},"s":{"a":0,"k":[100,100],"ix":3},"r":{"a":0,"k":0,"ix":6},"o":{"a":0,"k":100,"ix":7},"sk":{"a":0,"k":0,"ix":4},"sa":{"a":0,"k":0,"ix":5},"nm":"Transformar"}],"nm":"s","np":3,"cix":2,"ix":7,"mn":"ADBE Vector Group","hd":false},{"ty":"gr","it":[{"ind":0,"ty":"sh","ix":1,"ks":{"a":0,"k":{"i":[[0.624,0],[0.396,-0.36],[0.072,-0.552],[1.008,0.432],[1.176,0],[1.332,-0.852],[0.768,-1.524],[0,-1.92],[-0.78,-1.512],[-1.344,-0.852],[-1.656,0],[-1.02,0.492],[-0.6,0.672],[0,0],[-0.408,-0.42],[-0.624,0],[-0.408,0.42],[0,0.624],[0,0],[0.408,0.408]],"o":[[-0.576,0],[-0.396,0.36],[-0.672,-0.648],[-1.008,-0.432],[-1.608,0],[-1.332,0.852],[-0.768,1.524],[0,1.92],[0.78,1.512],[1.344,0.852],[1.128,0],[1.02,-0.492],[0,0],[0,0.624],[0.408,0.42],[0.624,0],[0.408,-0.42],[0,0],[0,-0.648],[-0.408,-0.408]],"v":[[17.928,23.94],[16.47,24.48],[15.768,25.848],[13.248,24.228],[9.972,23.58],[5.562,24.858],[2.412,28.422],[1.26,33.588],[2.43,38.736],[5.616,42.282],[10.116,43.56],[13.338,42.822],[15.768,41.076],[15.768,48.204],[16.38,49.77],[17.928,50.4],[19.476,49.77],[20.088,48.204],[20.088,26.136],[19.476,24.552]],"c":true},"ix":2},"nm":"q","mn":"ADBE Vector Shape - Group","hd":false},{"ind":1,"ty":"sh","ix":2,"ks":{"a":0,"k":{"i":[[1.56,0],[0.972,1.14],[0,1.728],[-0.984,1.152],[-1.536,0],[-0.984,-1.152],[0,-1.728],[0.984,-1.14]],"o":[[-1.56,0],[-0.972,-1.14],[0,-1.728],[0.984,-1.152],[1.56,0],[0.984,1.152],[0,1.728],[-0.984,1.14]],"v":[[10.656,39.6],[6.858,37.89],[5.4,33.588],[6.876,29.268],[10.656,27.54],[14.472,29.268],[15.948,33.588],[14.472,37.89]],"c":true},"ix":2},"nm":"q","mn":"ADBE Vector Shape - Group","hd":false},{"ty":"mm","mm":1,"nm":"Combinar trazados 1","mn":"ADBE Vector Filter - Merge","hd":false},{"ty":"fl","c":{"a":0,"k":[0.270588235294,0.439215716194,1,1],"ix":4},"o":{"a":0,"k":100,"ix":5},"r":1,"nm":"Relleno 1","mn":"ADBE Vector Graphic - Fill","hd":false},{"ty":"tr","p":{"a":0,"k":[0,0],"ix":2},"a":{"a":0,"k":[0,0],"ix":1},"s":{"a":0,"k":[100,100],"ix":3},"r":{"a":0,"k":0,"ix":6},"o":{"a":0,"k":100,"ix":7},"sk":{"a":0,"k":0,"ix":4},"sa":{"a":0,"k":0,"ix":5},"nm":"Transformar"}],"nm":"q","np":5,"cix":2,"ix":8,"mn":"ADBE Vector Group","hd":false},{"ty":"gr","it":[{"ind":0,"ty":"sh","ix":1,"ks":{"a":0,"k":{"i":[[0.624,0],[0.408,-0.42],[0,-0.624],[0,0],[0.648,-0.708],[1.32,0],[0.648,0.708],[0,1.464],[0,0],[0.408,0.42],[0.624,0],[0.408,-0.42],[0,-0.624],[0,0],[-1.416,-1.464],[-2.64,0],[-1.428,1.464],[0,2.592],[0,0],[0.408,0.42]],"o":[[-0.624,0],[-0.408,0.42],[0,0],[0,1.464],[-0.648,0.708],[-1.296,0],[-0.648,-0.708],[0,0],[0,-0.624],[-0.408,-0.42],[-0.624,0],[-0.408,0.42],[0,0],[0,2.592],[1.416,1.464],[2.64,0],[1.428,-1.464],[0,0],[0,-0.624],[-0.408,-0.42]],"v":[[39.059,23.94],[37.511,24.57],[36.899,26.136],[36.899,35.28],[35.927,38.538],[32.975,39.6],[30.059,38.538],[29.087,35.28],[29.087,26.136],[28.475,24.57],[26.927,23.94],[25.379,24.57],[24.767,26.136],[24.767,35.28],[26.891,41.364],[32.975,43.56],[39.077,41.364],[41.219,35.28],[41.219,26.136],[40.607,24.57]],"c":true},"ix":2},"nm":"u","mn":"ADBE Vector Shape - Group","hd":false},{"ty":"fl","c":{"a":0,"k":[0.270588235294,0.439215716194,1,1],"ix":4},"o":{"a":0,"k":100,"ix":5},"r":1,"nm":"Relleno 1","mn":"ADBE Vector Graphic - Fill","hd":false},{"ty":"tr","p":{"a":0,"k":[0,0],"ix":2},"a":{"a":0,"k":[0,0],"ix":1},"s":{"a":0,"k":[100,100],"ix":3},"r":{"a":0,"k":0,"ix":6},"o":{"a":0,"k":100,"ix":7},"sk":{"a":0,"k":0,"ix":4},"sa":{"a":0,"k":0,"ix":5},"nm":"Transformar"}],"nm":"u","np":3,"cix":2,"ix":9,"mn":"ADBE Vector Group","hd":false},{"ty":"gr","it":[{"ind":0,"ty":"sh","ix":1,"ks":{"a":0,"k":{"i":[[-0.024,0.576],[0.84,1.464],[1.404,0.864],[1.584,0],[1.416,-0.828],[0.864,-1.56],[0,-2.064],[-0.816,-1.476],[-1.5,-0.84],[-2.016,0],[-1.128,0.384],[-0.672,0.552],[0,0.648],[0.36,0.36],[0.504,0],[0.432,-0.216],[0.324,-0.204],[0.552,-0.18],[0.984,0],[1.032,0.804],[0.288,1.416],[0,0],[-0.432,0.36]],"o":[[0,-1.704],[-0.84,-1.464],[-1.404,-0.864],[-1.608,0],[-1.416,0.828],[-0.864,1.56],[0,1.848],[0.816,1.476],[1.5,0.84],[1.152,0],[1.128,-0.384],[0.672,-0.528],[0,-0.48],[-0.36,-0.36],[-0.384,0],[-0.12,0.072],[-0.324,0.204],[-0.552,0.18],[-1.296,0],[-1.032,-0.804],[0,0],[0.576,0],[0.432,-0.36]],"v":[[63.179,33.12],[61.919,28.368],[58.553,24.876],[54.071,23.58],[49.535,24.822],[46.115,28.404],[44.819,33.84],[46.043,38.826],[49.517,42.3],[54.791,43.56],[58.211,42.984],[60.911,41.58],[61.919,39.816],[61.379,38.556],[60.083,38.016],[58.859,38.34],[58.193,38.754],[56.879,39.33],[54.575,39.6],[51.083,38.394],[49.103,35.064],[60.983,35.064],[62.495,34.524]],"c":true},"ix":2},"nm":"e","mn":"ADBE Vector Shape - Group","hd":false},{"ind":1,"ty":"sh","ix":2,"ks":{"a":0,"k":{"i":[[-2.784,0],[-0.888,-0.72],[-0.096,-1.008],[0,0],[0,0]],"o":[[1.128,0],[0.888,0.72],[0,0],[0,0],[0.504,-2.616]],"v":[[54.071,27.54],[57.095,28.62],[58.571,31.212],[58.571,31.464],[49.139,31.464]],"c":true},"ix":2},"nm":"e","mn":"ADBE Vector Shape - Group","hd":false},{"ty":"mm","mm":1,"nm":"Combinar trazados 1","mn":"ADBE Vector Filter - Merge","hd":false},{"ty":"fl","c":{"a":0,"k":[0.270588235294,0.439215716194,1,1],"ix":4},"o":{"a":0,"k":100,"ix":5},"r":1,"nm":"Relleno 1","mn":"ADBE Vector Graphic - Fill","hd":false},{"ty":"tr","p":{"a":0,"k":[0,0],"ix":2},"a":{"a":0,"k":[0,0],"ix":1},"s":{"a":0,"k":[100,100],"ix":3},"r":{"a":0,"k":0,"ix":6},"o":{"a":0,"k":100,"ix":7},"sk":{"a":0,"k":0,"ix":4},"sa":{"a":0,"k":0,"ix":5},"nm":"Transformar"}],"nm":"e","np":5,"cix":2,"ix":10,"mn":"ADBE Vector Group","hd":false},{"ty":"gr","it":[{"ind":0,"ty":"sh","ix":1,"ks":{"a":0,"k":{"i":[[-0.696,0],[0,0],[-0.372,0.372],[0,0.696],[0,0],[0.372,0.372],[0.696,0],[0,0],[0.372,-0.372],[0,-0.696],[0,0],[-0.372,-0.372]],"o":[[0,0],[0.696,0],[0.372,-0.372],[0,0],[0,-0.696],[-0.372,-0.372],[0,0],[-0.696,0],[-0.372,0.372],[0,0],[0,0.696],[0.372,0.372]],"v":[[68.687,43.164],[69.155,43.164],[70.757,42.606],[71.315,41.004],[71.315,40.392],[70.757,38.79],[69.155,38.232],[68.687,38.232],[67.085,38.79],[66.527,40.392],[66.527,41.004],[67.085,42.606]],"c":true},"ix":2},"nm":".","mn":"ADBE Vector Shape - Group","hd":false},{"ty":"fl","c":{"a":0,"k":[0.270588235294,0.439215716194,1,1],"ix":4},"o":{"a":0,"k":100,"ix":5},"r":1,"nm":"Relleno 1","mn":"ADBE Vector Graphic - Fill","hd":false},{"ty":"tr","p":{"a":0,"k":[0,0],"ix":2},"a":{"a":0,"k":[0,0],"ix":1},"s":{"a":0,"k":[100,100],"ix":3},"r":{"a":0,"k":0,"ix":6},"o":{"a":0,"k":100,"ix":7},"sk":{"a":0,"k":0,"ix":4},"sa":{"a":0,"k":0,"ix":5},"nm":"Transformar"}],"nm":".","np":3,"cix":2,"ix":11,"mn":"ADBE Vector Group","hd":false},{"ty":"gr","it":[{"ind":0,"ty":"sh","ix":1,"ks":{"a":0,"k":{"i":[[-0.696,0],[0,0],[-0.372,0.372],[0,0.696],[0,0],[0.372,0.372],[0.696,0],[0,0],[0.372,-0.372],[0,-0.696],[0,0],[-0.372,-0.372]],"o":[[0,0],[0.696,0],[0.372,-0.372],[0,0],[0,-0.696],[-0.372,-0.372],[0,0],[-0.696,0],[-0.372,0.372],[0,0],[0,0.696],[0.372,0.372]],"v":[[77.65,43.164],[78.118,43.164],[79.72,42.606],[80.278,41.004],[80.278,40.392],[79.72,38.79],[78.118,38.232],[77.65,38.232],[76.048,38.79],[75.49,40.392],[75.49,41.004],[76.048,42.606]],"c":true},"ix":2},"nm":".","mn":"ADBE Vector Shape - Group","hd":false},{"ty":"fl","c":{"a":0,"k":[0.270588235294,0.439215716194,1,1],"ix":4},"o":{"a":0,"k":100,"ix":5},"r":1,"nm":"Relleno 1","mn":"ADBE Vector Graphic - Fill","hd":false},{"ty":"tr","p":{"a":0,"k":[0,0],"ix":2},"a":{"a":0,"k":[0,0],"ix":1},"s":{"a":0,"k":[100,100],"ix":3},"r":{"a":0,"k":0,"ix":6},"o":{"a":0,"k":100,"ix":7},"sk":{"a":0,"k":0,"ix":4},"sa":{"a":0,"k":0,"ix":5},"nm":"Transformar"}],"nm":".","np":3,"cix":2,"ix":12,"mn":"ADBE Vector Group","hd":false},{"ty":"gr","it":[{"ind":0,"ty":"sh","ix":1,"ks":{"a":0,"k":{"i":[[-0.696,0],[0,0],[-0.372,0.372],[0,0.696],[0,0],[0.372,0.372],[0.696,0],[0,0],[0.372,-0.372],[0,-0.696],[0,0],[-0.372,-0.372]],"o":[[0,0],[0.696,0],[0.372,-0.372],[0,0],[0,-0.696],[-0.372,-0.372],[0,0],[-0.696,0],[-0.372,0.372],[0,0],[0,0.696],[0.372,0.372]],"v":[[86.614,43.164],[87.082,43.164],[88.684,42.606],[89.242,41.004],[89.242,40.392],[88.684,38.79],[87.082,38.232],[86.614,38.232],[85.012,38.79],[84.454,40.392],[84.454,41.004],[85.012,42.606]],"c":true},"ix":2},"nm":".","mn":"ADBE Vector Shape - Group","hd":false},{"ty":"fl","c":{"a":0,"k":[0.270588235294,0.439215716194,1,1],"ix":4},"o":{"a":0,"k":100,"ix":5},"r":1,"nm":"Relleno 1","mn":"ADBE Vector Graphic - Fill","hd":false},{"ty":"tr","p":{"a":0,"k":[0,0],"ix":2},"a":{"a":0,"k":[0,0],"ix":1},"s":{"a":0,"k":[100,100],"ix":3},"r":{"a":0,"k":0,"ix":6},"o":{"a":0,"k":100,"ix":7},"sk":{"a":0,"k":0,"ix":4},"sa":{"a":0,"k":0,"ix":5},"nm":"Transformar"}],"nm":".","np":3,"cix":2,"ix":13,"mn":"ADBE Vector Group","hd":false}],"ip":0,"op":120.0000048877,"st":0,"bm":0},{"ddd":0,"ind":3,"ty":4,"nm":"SABIAS QUE contornos","sr":1,"ks":{"o":{"a":0,"k":100,"ix":11},"r":{"a":0,"k":0,"ix":10},"p":{"a":0,"k":[507.981,115,0],"ix":2},"a":{"a":0,"k":[8.27,74.25,0],"ix":1},"s":{"a":1,"k":[{"i":{"x":[0.827,0.827,0.667],"y":[0.966,0.966,1]},"o":{"x":[0.788,0.788,0.333],"y":[0.006,0.006,0]},"n":["0p827_0p966_0p788_0p006","0p827_0p966_0p788_0p006","0p667_1_0p333_0"],"t":41,"s":[0,0,100],"e":[98.775,98.775,100]},{"i":{"x":[0.833,0.833,0.833],"y":[1,1,1]},"o":{"x":[0.167,0.167,0.167],"y":[0,0,0]},"n":["0p833_1_0p167_0","0p833_1_0p167_0","0p833_1_0p167_0"],"t":57,"s":[98.775,98.775,100],"e":[95,95,100]},{"i":{"x":[0.833,0.833,0.833],"y":[1,1,1]},"o":{"x":[0.167,0.167,0.167],"y":[0,0,0]},"n":["0p833_1_0p167_0","0p833_1_0p167_0","0p833_1_0p167_0"],"t":60,"s":[95,95,100],"e":[100,100,100]},{"t":64.0000026067734}],"ix":6}},"ao":0,"shapes":[{"ty":"gr","it":[{"ind":0,"ty":"sh","ix":1,"ks":{"a":0,"k":{"i":[[14.117,0],[0,0],[0,-14.117],[0,0],[0,0],[0,0],[0,0],[-14.117,0],[0,0],[0,14.117],[0,0]],"o":[[0,0],[-14.117,0],[0,0],[-9.872,7.825],[0,0],[0,0],[0,14.117],[0,0],[14.117,0],[0,0],[0,-14.117]],"v":[[78.459,-60],[-58.421,-60],[-83.981,-34.439],[-83.981,3.931],[-104.019,21.571],[-83.981,21.571],[-83.981,34.439],[-58.421,60],[78.459,60],[104.019,34.439],[104.019,-34.439]],"c":true},"ix":2},"nm":"Trazado 1","mn":"ADBE Vector Shape - Group","hd":false},{"ind":1,"ty":"sh","ix":2,"ks":{"a":0,"k":{"i":[[0,0],[0,-12.44],[0,0],[12.439,0],[0,0],[0,12.44],[0,0],[1.656,0],[0,0],[-5.178,4.105],[0,0.916],[0,0],[-12.439,0]],"o":[[12.439,0],[0,0],[0,12.44],[0,0],[-12.439,0],[0,0],[0,-1.656],[0,0],[3.815,-3.486],[0.719,-0.569],[0,0],[0,-12.44],[0,0]],"v":[[78.459,-57],[101.019,-34.439],[101.019,34.439],[78.459,57],[-58.421,57],[-80.981,34.439],[-80.981,21.571],[-83.981,18.571],[-96.411,18.571],[-82.118,6.282],[-80.981,3.931],[-80.981,-34.439],[-58.421,-57]],"c":true},"ix":2},"nm":"Trazado 2","mn":"ADBE Vector Shape - Group","hd":false},{"ty":"mm","mm":1,"nm":"Combinar trazados 1","mn":"ADBE Vector Filter - Merge","hd":false},{"ty":"gr","it":[{"ty":"tr","p":{"a":0,"k":[0,0],"ix":2},"a":{"a":0,"k":[0,0],"ix":1},"s":{"a":0,"k":[100,100],"ix":3},"r":{"a":0,"k":0,"ix":6},"o":{"a":0,"k":100,"ix":7},"sk":{"a":0,"k":0,"ix":4},"sa":{"a":0,"k":0,"ix":5},"nm":"Transformar"}],"nm":"Grupo 1","np":0,"cix":2,"ix":4,"mn":"ADBE Vector Group","hd":false},{"ty":"mm","mm":4,"nm":"Combinar trazados 2","mn":"ADBE Vector Filter - Merge","hd":false},{"ty":"fl","c":{"a":0,"k":[0.270999983245,0.438999998803,1,1],"ix":4},"o":{"a":0,"k":100,"ix":5},"r":1,"nm":"Relleno 1","mn":"ADBE Vector Graphic - Fill","hd":false},{"ty":"tr","p":{"a":0,"k":[104.27,60.25],"ix":2},"a":{"a":0,"k":[0,0],"ix":1},"s":{"a":0,"k":[100,100],"ix":3},"r":{"a":0,"k":0,"ix":6},"o":{"a":0,"k":100,"ix":7},"sk":{"a":0,"k":0,"ix":4},"sa":{"a":0,"k":0,"ix":5},"nm":"Transformar"}],"nm":"Grupo 14","np":6,"cix":2,"ix":1,"mn":"ADBE Vector Group","hd":false},{"ty":"gr","it":[{"ind":0,"ty":"sh","ix":1,"ks":{"a":0,"k":{"i":[[0,0],[0,13.268],[0,0],[0.829,0],[0,0],[-6.657,5.278],[0,0.458],[0,0],[-13.267,0],[0,0],[0,-13.268],[0,0],[13.267,0]],"o":[[-13.267,0],[0,0],[0,-0.828],[0,0],[3.681,-3.434],[0.359,-0.284],[0,0],[0,-13.268],[0,0],[13.267,0],[0,0],[0,13.268],[0,0]],"v":[[-59.556,58.5],[-83.617,34.439],[-83.617,21.571],[-85.117,20.071],[-101.383,20.071],[-84.185,5.106],[-83.617,3.931],[-83.617,-34.439],[-59.556,-58.5],[77.323,-58.5],[101.383,-34.439],[101.383,34.439],[77.323,58.5]],"c":true},"ix":2},"nm":"Trazado 1","mn":"ADBE Vector Shape - Group","hd":false},{"ty":"gr","it":[{"ty":"tr","p":{"a":0,"k":[0,0],"ix":2},"a":{"a":0,"k":[0,0],"ix":1},"s":{"a":0,"k":[100,100],"ix":3},"r":{"a":0,"k":0,"ix":6},"o":{"a":0,"k":100,"ix":7},"sk":{"a":0,"k":0,"ix":4},"sa":{"a":0,"k":0,"ix":5},"nm":"Transformar"}],"nm":"Grupo 1","np":0,"cix":2,"ix":2,"mn":"ADBE Vector Group","hd":false},{"ty":"mm","mm":4,"nm":"Combinar trazados 1","mn":"ADBE Vector Filter - Merge","hd":false},{"ty":"fl","c":{"a":0,"k":[1,1,1,1],"ix":4},"o":{"a":0,"k":100,"ix":5},"r":1,"nm":"Relleno 1","mn":"ADBE Vector Graphic - Fill","hd":false},{"ty":"tr","p":{"a":0,"k":[105.405,60.25],"ix":2},"a":{"a":0,"k":[0,0],"ix":1},"s":{"a":0,"k":[100,100],"ix":3},"r":{"a":0,"k":0,"ix":6},"o":{"a":0,"k":100,"ix":7},"sk":{"a":0,"k":0,"ix":4},"sa":{"a":0,"k":0,"ix":5},"nm":"Transformar"}],"nm":"Grupo 15","np":4,"cix":2,"ix":2,"mn":"ADBE Vector Group","hd":false}],"ip":-5.00000020365417,"op":128.000005213547,"st":-5.00000020365417,"bm":0},{"ddd":0,"ind":4,"ty":4,"nm":"INFO contornos","sr":1,"ks":{"o":{"a":0,"k":100,"ix":11},"r":{"a":0,"k":0,"ix":10},"p":{"a":0,"k":[372.75,178.75,0],"ix":2},"a":{"a":0,"k":[201.864,119.097,0],"ix":1},"s":{"a":1,"k":[{"i":{"x":[0.827,0.827,0.667],"y":[0.966,0.966,1]},"o":{"x":[0.788,0.788,0.333],"y":[0.006,0.006,0]},"n":["0p827_0p966_0p788_0p006","0p827_0p966_0p788_0p006","0p667_1_0p333_0"],"t":82,"s":[0,0,100],"e":[98.775,98.775,100]},{"i":{"x":[0.833,0.833,0.833],"y":[1,1,1]},"o":{"x":[0.167,0.167,0.167],"y":[0,0,0]},"n":["0p833_1_0p167_0","0p833_1_0p167_0","0p833_1_0p167_0"],"t":98,"s":[98.775,98.775,100],"e":[95,95,100]},{"i":{"x":[0.833,0.833,0.833],"y":[1,1,1]},"o":{"x":[0.167,0.167,0.167],"y":[0,0,0]},"n":["0p833_1_0p167_0","0p833_1_0p167_0","0p833_1_0p167_0"],"t":101,"s":[95,95,100],"e":[100,100,100]},{"i":{"x":[0.833,0.833,0.833],"y":[1,1,1]},"o":{"x":[0.167,0.167,0.167],"y":[0,0,0]},"n":["0p833_1_0p167_0","0p833_1_0p167_0","0p833_1_0p167_0"],"t":105,"s":[100,100,100],"e":[100,100,100]},{"i":{"x":[0.827,0.827,0.667],"y":[1.34,1.34,1]},"o":{"x":[0.167,0.167,0.167],"y":[0,0,0]},"n":["0p827_1p34_0p167_0","0p827_1p34_0p167_0","0p667_1_0p167_0"],"t":123,"s":[100,100,100],"e":[98.775,98.775,100]},{"i":{"x":[0.833,0.833,0.833],"y":[1,1,1]},"o":{"x":[0.167,0.167,0.167],"y":[0,0,0]},"n":["0p833_1_0p167_0","0p833_1_0p167_0","0p833_1_0p167_0"],"t":125,"s":[98.775,98.775,100],"e":[95,95,100]},{"i":{"x":[0.833,0.833,0.833],"y":[1,1,1]},"o":{"x":[0.167,0.167,0.167],"y":[0,0,0]},"n":["0p833_1_0p167_0","0p833_1_0p167_0","0p833_1_0p167_0"],"t":128,"s":[95,95,100],"e":[100,100,100]},{"t":132.00000537647}],"ix":6}},"ao":0,"shapes":[{"ty":"gr","it":[{"ty":"st","c":{"a":0,"k":[0.270999983245,0.438999998803,1,1],"ix":3},"o":{"a":0,"k":100,"ix":4},"w":{"a":0,"k":3,"ix":5},"lc":1,"lj":1,"ml":4,"nm":"Trazo 1","mn":"ADBE Vector Graphic - Stroke","hd":false},{"ty":"fl","c":{"a":0,"k":[1,1,1,1],"ix":4},"o":{"a":0,"k":100,"ix":5},"r":1,"nm":"Relleno 1","mn":"ADBE Vector Graphic - Fill","hd":false},{"ty":"tr","p":{"a":0,"k":[0,0],"ix":2},"a":{"a":0,"k":[0,0],"ix":1},"s":{"a":0,"k":[100,100],"ix":3},"r":{"a":0,"k":0,"ix":6},"o":{"a":0,"k":100,"ix":7},"sk":{"a":0,"k":0,"ix":4},"sa":{"a":0,"k":0,"ix":5},"nm":"Transformar"}],"nm":"Forma 1","np":2,"cix":2,"ix":1,"mn":"ADBE Vector Group","hd":false},{"ty":"gr","it":[{"ind":0,"ty":"sh","ix":1,"ks":{"a":0,"k":{"i":[[0.604,1.219],[1.073,0.715],[1.341,0],[1.061,-0.704],[0.592,-1.229],[0,-1.497],[-0.593,-1.229],[-1.063,-0.704],[-1.364,0],[-1.073,0.716],[-0.604,1.219],[0,1.497]],"o":[[-0.604,-1.218],[-1.073,-0.715],[-1.364,0],[-1.063,0.704],[-0.593,1.23],[0,1.497],[0.592,1.23],[1.061,0.704],[1.341,0],[1.073,-0.715],[0.604,-1.218],[0,-1.497]],"v":[[6.118,-4.074],[3.604,-6.974],[-0.017,-8.047],[-3.654,-6.991],[-6.136,-4.091],[-7.025,0],[-6.136,4.09],[-3.654,6.99],[-0.017,8.046],[3.604,6.973],[6.118,4.073],[7.023,0]],"c":true},"ix":2},"nm":"Trazado 1","mn":"ADBE Vector Shape - Group","hd":false},{"ind":1,"ty":"sh","ix":2,"ks":{"a":0,"k":{"i":[[0.983,-1.844],[1.731,-1.073],[2.168,0],[1.731,1.073],[0.972,1.844],[0,2.213],[-0.973,1.845],[-1.733,1.073],[-2.169,0],[-1.733,-1.072],[-0.983,-1.843],[0,-2.213]],"o":[[-0.983,1.844],[-1.733,1.073],[-2.169,0],[-1.733,-1.073],[-0.973,-1.844],[0,-2.213],[0.972,-1.843],[1.731,-1.072],[2.168,0],[1.731,1.073],[0.983,1.845],[0,2.213]],"v":[[9.907,6.085],[5.834,10.46],[-0.017,12.07],[-5.867,10.46],[-9.924,6.085],[-11.383,0],[-9.924,-6.086],[-5.867,-10.461],[-0.017,-12.07],[5.834,-10.461],[9.907,-6.086],[11.383,0]],"c":true},"ix":2},"nm":"Trazado 2","mn":"ADBE Vector Shape - Group","hd":false},{"ty":"mm","mm":1,"nm":"Combinar trazados 1","mn":"ADBE Vector Filter - Merge","hd":false},{"ty":"gr","it":[{"ty":"tr","p":{"a":0,"k":[0,0],"ix":2},"a":{"a":0,"k":[0,0],"ix":1},"s":{"a":0,"k":[100,100],"ix":3},"r":{"a":0,"k":0,"ix":6},"o":{"a":0,"k":100,"ix":7},"sk":{"a":0,"k":0,"ix":4},"sa":{"a":0,"k":0,"ix":5},"nm":"Transformar"}],"nm":"Grupo 1","np":0,"cix":2,"ix":4,"mn":"ADBE Vector Group","hd":false},{"ty":"mm","mm":4,"nm":"Combinar trazados 2","mn":"ADBE Vector Filter - Merge","hd":false},{"ty":"fl","c":{"a":0,"k":[0.270999983245,0.438999998803,1,1],"ix":4},"o":{"a":0,"k":100,"ix":5},"r":1,"nm":"Relleno 1","mn":"ADBE Vector Graphic - Fill","hd":false},{"ty":"tr","p":{"a":0,"k":[126.362,67.11],"ix":2},"a":{"a":0,"k":[0,0],"ix":1},"s":{"a":0,"k":[100,100],"ix":3},"r":{"a":0,"k":0,"ix":6},"o":{"a":0,"k":100,"ix":7},"sk":{"a":0,"k":0,"ix":4},"sa":{"a":0,"k":0,"ix":5},"nm":"Transformar"}],"nm":"Grupo 1","np":6,"cix":2,"ix":2,"mn":"ADBE Vector Group","hd":false},{"ty":"gr","it":[{"ind":0,"ty":"sh","ix":1,"ks":{"a":0,"k":{"i":[[0,0],[0,0],[0,0],[-0.39,-0.369],[0,-0.581],[0.392,-0.38],[0.581,0],[0,0],[0,0],[0.413,-0.39],[0.558,0],[0.391,0.381],[0,0.603],[0,0],[-0.391,0.392],[-0.581,0],[0,0],[-0.391,-0.368],[0,-0.581],[0.392,-0.38],[0.581,0]],"o":[[0,0],[0,0],[0.581,0],[0.392,0.369],[0,0.492],[-0.39,0.38],[0,0],[0,0],[0,0.581],[-0.414,0.392],[-0.626,0],[-0.391,-0.379],[0,0],[0,-0.581],[0.391,-0.391],[0,0],[0.581,0],[0.392,0.369],[0,0.491],[-0.391,0.38],[0,0]],"v":[[-3.303,-7.879],[-3.303,-1.978],[3.939,-1.978],[5.397,-1.425],[5.984,0],[5.397,1.308],[3.939,1.877],[-3.303,1.877],[-3.303,9.689],[-3.923,11.147],[-5.381,11.734],[-6.907,11.164],[-7.493,9.689],[-7.493,-9.69],[-6.907,-11.148],[-5.449,-11.734],[5.448,-11.734],[6.906,-11.182],[7.493,-9.756],[6.906,-8.449],[5.448,-7.879]],"c":true},"ix":2},"nm":"Trazado 1","mn":"ADBE Vector Shape - Group","hd":false},{"ty":"gr","it":[{"ty":"tr","p":{"a":0,"k":[0,0],"ix":2},"a":{"a":0,"k":[0,0],"ix":1},"s":{"a":0,"k":[100,100],"ix":3},"r":{"a":0,"k":0,"ix":6},"o":{"a":0,"k":100,"ix":7},"sk":{"a":0,"k":0,"ix":4},"sa":{"a":0,"k":0,"ix":5},"nm":"Transformar"}],"nm":"Grupo 1","np":0,"cix":2,"ix":2,"mn":"ADBE Vector Group","hd":false},{"ty":"mm","mm":4,"nm":"Combinar trazados 1","mn":"ADBE Vector Filter - Merge","hd":false},{"ty":"fl","c":{"a":0,"k":[0.270999983245,0.438999998803,1,1],"ix":4},"o":{"a":0,"k":100,"ix":5},"r":1,"nm":"Relleno 1","mn":"ADBE Vector Graphic - Fill","hd":false},{"ty":"tr","p":{"a":0,"k":[105.106,67.11],"ix":2},"a":{"a":0,"k":[0,0],"ix":1},"s":{"a":0,"k":[100,100],"ix":3},"r":{"a":0,"k":0,"ix":6},"o":{"a":0,"k":100,"ix":7},"sk":{"a":0,"k":0,"ix":4},"sa":{"a":0,"k":0,"ix":5},"nm":"Transformar"}],"nm":"Grupo 2","np":4,"cix":2,"ix":3,"mn":"ADBE Vector Group","hd":false},{"ty":"gr","it":[{"ind":0,"ty":"sh","ix":1,"ks":{"a":0,"k":{"i":[[-0.335,-0.357],[0,-0.536],[0,0],[0.391,-0.391],[0.581,0],[0.302,0.1],[0.134,0.179],[0,0],[0,0],[0.346,-0.357],[0.559,0],[0.335,0.358],[0,0.536],[0,0],[-0.392,0.392],[-0.581,0],[-0.324,-0.134],[-0.157,-0.223],[0,0],[0,0],[-0.347,0.358],[-0.536,0]],"o":[[0.335,0.358],[0,0],[0,0.581],[-0.392,0.391],[-0.313,0],[-0.302,-0.101],[0,0],[0,0],[0,0.536],[-0.347,0.358],[-0.537,0],[-0.335,-0.357],[0,0],[0,-0.581],[0.39,-0.39],[0.335,0],[0.323,0.134],[0,0],[0,0],[0,-0.536],[0.347,-0.357],[0.537,0]],"v":[[9.304,-11.199],[9.807,-9.858],[9.807,9.689],[9.219,11.148],[7.762,11.735],[6.84,11.584],[6.186,11.165],[-6.12,-4.46],[-6.12,9.857],[-6.639,11.198],[-7.997,11.735],[-9.304,11.198],[-9.807,9.857],[-9.807,-9.69],[-9.22,-11.149],[-7.762,-11.735],[-6.773,-11.534],[-6.052,-10.998],[6.152,4.56],[6.152,-9.858],[6.672,-11.199],[7.995,-11.735]],"c":true},"ix":2},"nm":"Trazado 1","mn":"ADBE Vector Shape - Group","hd":false},{"ty":"gr","it":[{"ty":"tr","p":{"a":0,"k":[0,0],"ix":2},"a":{"a":0,"k":[0,0],"ix":1},"s":{"a":0,"k":[100,100],"ix":3},"r":{"a":0,"k":0,"ix":6},"o":{"a":0,"k":100,"ix":7},"sk":{"a":0,"k":0,"ix":4},"sa":{"a":0,"k":0,"ix":5},"nm":"Transformar"}],"nm":"Grupo 1","np":0,"cix":2,"ix":2,"mn":"ADBE Vector Group","hd":false},{"ty":"mm","mm":4,"nm":"Combinar trazados 1","mn":"ADBE Vector Filter - Merge","hd":false},{"ty":"fl","c":{"a":0,"k":[0.270999983245,0.438999998803,1,1],"ix":4},"o":{"a":0,"k":100,"ix":5},"r":1,"nm":"Relleno 1","mn":"ADBE Vector Graphic - Fill","hd":false},{"ty":"tr","p":{"a":0,"k":[82.778,67.11],"ix":2},"a":{"a":0,"k":[0,0],"ix":1},"s":{"a":0,"k":[100,100],"ix":3},"r":{"a":0,"k":0,"ix":6},"o":{"a":0,"k":100,"ix":7},"sk":{"a":0,"k":0,"ix":4},"sa":{"a":0,"k":0,"ix":5},"nm":"Transformar"}],"nm":"Grupo 3","np":4,"cix":2,"ix":4,"mn":"ADBE Vector Group","hd":false},{"ty":"gr","it":[{"ind":0,"ty":"sh","ix":1,"ks":{"a":0,"k":{"i":[[0.425,-0.391],[0.559,0],[0.391,0.392],[0,0.581],[0,0],[-0.403,0.391],[-0.626,0],[-0.402,-0.391],[0,-0.581],[0,0]],"o":[[-0.425,0.392],[-0.603,0],[-0.391,-0.391],[0,0],[0,-0.581],[0.402,-0.391],[0.558,0],[0.403,0.391],[0,0],[0,0.581]],"v":[[1.459,11.147],[-0.018,11.734],[-1.509,11.147],[-2.096,9.689],[-2.096,-9.689],[-1.492,-11.148],[0.051,-11.734],[1.492,-11.148],[2.096,-9.689],[2.096,9.689]],"c":true},"ix":2},"nm":"Trazado 1","mn":"ADBE Vector Shape - Group","hd":false},{"ty":"gr","it":[{"ty":"tr","p":{"a":0,"k":[0,0],"ix":2},"a":{"a":0,"k":[0,0],"ix":1},"s":{"a":0,"k":[100,100],"ix":3},"r":{"a":0,"k":0,"ix":6},"o":{"a":0,"k":100,"ix":7},"sk":{"a":0,"k":0,"ix":4},"sa":{"a":0,"k":0,"ix":5},"nm":"Transformar"}],"nm":"Grupo 1","np":0,"cix":2,"ix":2,"mn":"ADBE Vector Group","hd":false},{"ty":"mm","mm":4,"nm":"Combinar trazados 1","mn":"ADBE Vector Filter - Merge","hd":false},{"ty":"fl","c":{"a":0,"k":[0.270999983245,0.438999998803,1,1],"ix":4},"o":{"a":0,"k":100,"ix":5},"r":1,"nm":"Relleno 1","mn":"ADBE Vector Graphic - Fill","hd":false},{"ty":"tr","p":{"a":0,"k":[65.846,67.11],"ix":2},"a":{"a":0,"k":[0,0],"ix":1},"s":{"a":0,"k":[100,100],"ix":3},"r":{"a":0,"k":0,"ix":6},"o":{"a":0,"k":100,"ix":7},"sk":{"a":0,"k":0,"ix":4},"sa":{"a":0,"k":0,"ix":5},"nm":"Transformar"}],"nm":"Grupo 4","np":4,"cix":2,"ix":5,"mn":"ADBE Vector Group","hd":false},{"ty":"gr","it":[{"ind":0,"ty":"sh","ix":1,"ks":{"a":0,"k":{"i":[[0,0],[0,0],[0,1.162],[0,0],[14.118,0],[0,0],[0,-14.117],[0,0],[-14.118,0],[0,0],[-3.736,2.138]],"o":[[0,0],[0.149,-1.12],[0,0],[0,-14.117],[0,0],[-14.118,0],[0,0],[0,14.117],[0,0],[4.614,0],[0,0]],"v":[[100.75,63.75],[87.016,34.112],[87.25,30.689],[87.25,-38.189],[61.689,-63.75],[-75.189,-63.75],[-100.75,-38.189],[-100.75,30.689],[-75.189,56.25],[61.689,56.25],[74.361,52.884]],"c":true},"ix":2},"nm":"Trazado 1","mn":"ADBE Vector Shape - Group","hd":false},{"ty":"st","c":{"a":0,"k":[0.270999983245,0.438999998803,1,1],"ix":3},"o":{"a":0,"k":100,"ix":4},"w":{"a":0,"k":3,"ix":5},"lc":1,"lj":2,"nm":"Trazo 1","mn":"ADBE Vector Graphic - Stroke","hd":false},{"ty":"tr","p":{"a":0,"k":[108.25,71.25],"ix":2},"a":{"a":0,"k":[0,0],"ix":1},"s":{"a":0,"k":[100,100],"ix":3},"r":{"a":0,"k":0,"ix":6},"o":{"a":0,"k":100,"ix":7},"sk":{"a":0,"k":0,"ix":4},"sa":{"a":0,"k":0,"ix":5},"nm":"Transformar"}],"nm":"Grupo 5","np":2,"cix":2,"ix":6,"mn":"ADBE Vector Group","hd":false},{"ty":"gr","it":[{"ind":0,"ty":"sh","ix":1,"ks":{"a":0,"k":{"i":[[0,0],[0,0],[0,1.162],[0,0],[14.118,0],[0,0],[0,-14.117],[0,0],[-14.118,0],[0,0],[-3.736,2.138]],"o":[[0,0],[0.149,-1.12],[0,0],[0,-14.117],[0,0],[-14.118,0],[0,0],[0,14.117],[0,0],[4.614,0],[0,0]],"v":[[100.75,63.75],[87.016,34.112],[87.25,30.689],[87.25,-38.189],[61.689,-63.75],[-75.189,-63.75],[-100.75,-38.189],[-100.75,30.689],[-75.189,56.25],[61.689,56.25],[74.361,52.884]],"c":true},"ix":2},"nm":"Trazado 1","mn":"ADBE Vector Shape - Group","hd":false},{"ty":"gr","it":[{"ty":"tr","p":{"a":0,"k":[0,0],"ix":2},"a":{"a":0,"k":[0,0],"ix":1},"s":{"a":0,"k":[100,100],"ix":3},"r":{"a":0,"k":0,"ix":6},"o":{"a":0,"k":100,"ix":7},"sk":{"a":0,"k":0,"ix":4},"sa":{"a":0,"k":0,"ix":5},"nm":"Transformar"}],"nm":"Grupo 1","np":0,"cix":2,"ix":2,"mn":"ADBE Vector Group","hd":false},{"ty":"mm","mm":4,"nm":"Combinar trazados 1","mn":"ADBE Vector Filter - Merge","hd":false},{"ty":"fl","c":{"a":0,"k":[1,1,1,1],"ix":4},"o":{"a":0,"k":100,"ix":5},"r":1,"nm":"Relleno 1","mn":"ADBE Vector Graphic - Fill","hd":false},{"ty":"tr","p":{"a":0,"k":[108.25,71.25],"ix":2},"a":{"a":0,"k":[0,0],"ix":1},"s":{"a":0,"k":[100,100],"ix":3},"r":{"a":0,"k":0,"ix":6},"o":{"a":0,"k":100,"ix":7},"sk":{"a":0,"k":0,"ix":4},"sa":{"a":0,"k":0,"ix":5},"nm":"Transformar"}],"nm":"Grupo 6","np":4,"cix":2,"ix":7,"mn":"ADBE Vector Group","hd":false}],"ip":0,"op":122.000004969162,"st":0,"bm":0},{"ddd":0,"ind":5,"ty":4,"nm":"MANO IZQ contornos","sr":1,"ks":{"o":{"a":0,"k":100,"ix":11},"r":{"a":1,"k":[{"i":{"x":[0.833],"y":[0.833]},"o":{"x":[0.167],"y":[0.167]},"n":["0p833_0p833_0p167_0p167"],"t":15,"s":[-16.271],"e":[-18.302]},{"t":39.0000015885026}],"ix":10},"p":{"a":1,"k":[{"i":{"x":0.667,"y":1},"o":{"x":0.333,"y":0},"n":"0p667_1_0p333_0","t":11,"s":[-118.552,374.163,0],"e":[427.631,347,0],"to":[91.0304946899414,-4.52712631225586,0],"ti":[-0.72358387708664,0.37668731808662,0]},{"i":{"x":0.667,"y":1},"o":{"x":0.333,"y":0},"n":"0p667_1_0p333_0","t":39,"s":[427.631,347,0],"e":[427.631,347,0],"to":[5.58587598800659,-2.90792632102966,0],"ti":[-0.72358387708664,0.37668731808662,0]},{"i":{"x":0.667,"y":1},"o":{"x":0.333,"y":0},"n":"0p667_1_0p333_0","t":41,"s":[427.631,347,0],"e":[176.545,437.703,0],"to":[5.58587598800659,-2.90792632102966,0],"ti":[-4.38165187835693,1.97488188743591,0]},{"i":{"x":0.667,"y":1},"o":{"x":0.333,"y":0},"n":"0p667_1_0p333_0","t":62,"s":[176.545,437.703,0],"e":[306.545,421.703,0],"to":[52.9669189453125,-23.8730545043945,0],"ti":[0,0,0]},{"i":{"x":0.667,"y":0.667},"o":{"x":0.333,"y":0.333},"n":"0p667_0p667_0p333_0p333","t":77,"s":[306.545,421.703,0],"e":[306.545,421.703,0],"to":[0,0,0],"ti":[0,0,0]},{"i":{"x":0.667,"y":0.973},"o":{"x":0.333,"y":0},"n":"0p667_0p973_0p333_0","t":84,"s":[306.545,421.703,0],"e":[-158.574,291.604,0],"to":[0,0,0],"ti":[0,0,0]},{"t":106.000004317469}],"ix":2},"a":{"a":0,"k":[169.633,229.338,0],"ix":1},"s":{"a":1,"k":[{"i":{"x":[0.833,0.833,0.833],"y":[0.833,0.833,0.833]},"o":{"x":[0.167,0.167,0.167],"y":[0.167,0.167,0.167]},"n":["0p833_0p833_0p167_0p167","0p833_0p833_0p167_0p167","0p833_0p833_0p167_0p167"],"t":39,"s":[100,100,100],"e":[95,95,100]},{"i":{"x":[0.833,0.833,0.833],"y":[0.833,0.833,0.833]},"o":{"x":[0.167,0.167,0.167],"y":[0.167,0.167,0.167]},"n":["0p833_0p833_0p167_0p167","0p833_0p833_0p167_0p167","0p833_0p833_0p167_0p167"],"t":44,"s":[95,95,100],"e":[100,100,100]},{"i":{"x":[0.833,0.833,0.833],"y":[0.833,0.833,0.833]},"o":{"x":[0.167,0.167,0.167],"y":[0.167,0.167,0.167]},"n":["0p833_0p833_0p167_0p167","0p833_0p833_0p167_0p167","0p833_0p833_0p167_0p167"],"t":48,"s":[100,100,100],"e":[100,100,100]},{"i":{"x":[0.833,0.833,0.833],"y":[0.833,0.833,0.833]},"o":{"x":[0.167,0.167,0.167],"y":[0.167,0.167,0.167]},"n":["0p833_0p833_0p167_0p167","0p833_0p833_0p167_0p167","0p833_0p833_0p167_0p167"],"t":77,"s":[100,100,100],"e":[95,95,100]},{"i":{"x":[0.833,0.833,0.833],"y":[0.833,0.833,0.833]},"o":{"x":[0.167,0.167,0.167],"y":[0.167,0.167,0.167]},"n":["0p833_0p833_0p167_0p167","0p833_0p833_0p167_0p167","0p833_0p833_0p167_0p167"],"t":82,"s":[95,95,100],"e":[100,100,100]},{"t":86.0000035028518}],"ix":6}},"ao":0,"shapes":[{"ty":"gr","it":[{"ind":0,"ty":"sh","ix":1,"ks":{"a":0,"k":{"i":[[10.524,-16.192],[0,0],[-10.619,-2.987]],"o":[[-22.67,0],[0,0],[10.62,2.988]],"v":[[5.722,17.471],[-16.948,1.425],[6.328,-14.484]],"c":true},"ix":2},"nm":"Trazado 1","mn":"ADBE Vector Shape - Group","hd":false},{"ty":"st","c":{"a":0,"k":[0.270999983245,0.438999998803,1,1],"ix":3},"o":{"a":0,"k":100,"ix":4},"w":{"a":0,"k":2.124,"ix":5},"lc":2,"lj":2,"nm":"Trazo 1","mn":"ADBE Vector Graphic - Stroke","hd":false},{"ty":"tr","p":{"a":0,"k":[297.292,38.606],"ix":2},"a":{"a":0,"k":[0,0],"ix":1},"s":{"a":0,"k":[100,100],"ix":3},"r":{"a":0,"k":0,"ix":6},"o":{"a":0,"k":100,"ix":7},"sk":{"a":0,"k":0,"ix":4},"sa":{"a":0,"k":0,"ix":5},"nm":"Transformar"}],"nm":"Grupo 1","np":2,"cix":2,"ix":1,"mn":"ADBE Vector Group","hd":false},{"ty":"gr","it":[{"ind":0,"ty":"sh","ix":1,"ks":{"a":0,"k":{"i":[[0,0],[0,3.238],[9.823,-2.069]],"o":[[11.198,5.641],[0,-3.238],[0,0]],"v":[[-6.813,11.766],[6.814,5.262],[-3.01,-15.338]],"c":false},"ix":2},"nm":"Trazado 1","mn":"ADBE Vector Shape - Group","hd":false},{"ty":"st","c":{"a":0,"k":[0.270999983245,0.438999998803,1,1],"ix":3},"o":{"a":0,"k":100,"ix":4},"w":{"a":0,"k":2.429,"ix":5},"lc":2,"lj":2,"nm":"Trazo 1","mn":"ADBE Vector Graphic - Stroke","hd":false},{"ty":"tr","p":{"a":0,"k":[131.846,93.726],"ix":2},"a":{"a":0,"k":[0,0],"ix":1},"s":{"a":0,"k":[100,100],"ix":3},"r":{"a":0,"k":0,"ix":6},"o":{"a":0,"k":100,"ix":7},"sk":{"a":0,"k":0,"ix":4},"sa":{"a":0,"k":0,"ix":5},"nm":"Transformar"}],"nm":"Grupo 2","np":2,"cix":2,"ix":2,"mn":"ADBE Vector Group","hd":false},{"ty":"gr","it":[{"ind":0,"ty":"sh","ix":1,"ks":{"a":0,"k":{"i":[[0,0],[-10.525,17.811],[22.277,12.853],[45.34,-49.388],[0,0],[12.954,-21.05]],"o":[[0,0],[10.526,-17.812],[-21.049,-12.144],[-45.339,49.387],[-24.288,22.669],[0,0]],"v":[[-3.447,80.153],[80.754,-28.337],[95.327,-90.678],[-1.828,-6.477],[-58.502,52.626],[-117.604,102.822]],"c":false},"ix":2},"nm":"Trazado 1","mn":"ADBE Vector Shape - Group","hd":false},{"ty":"st","c":{"a":0,"k":[0.270999983245,0.438999998803,1,1],"ix":3},"o":{"a":0,"k":100,"ix":4},"w":{"a":0,"k":3,"ix":5},"lc":2,"lj":2,"nm":"Trazo 1","mn":"ADBE Vector Graphic - Stroke","hd":false},{"ty":"tr","p":{"a":0,"k":[214.163,110.323],"ix":2},"a":{"a":0,"k":[0,0],"ix":1},"s":{"a":0,"k":[100,100],"ix":3},"r":{"a":0,"k":0,"ix":6},"o":{"a":0,"k":100,"ix":7},"sk":{"a":0,"k":0,"ix":4},"sa":{"a":0,"k":0,"ix":5},"nm":"Transformar"}],"nm":"Grupo 3","np":2,"cix":2,"ix":3,"mn":"ADBE Vector Group","hd":false},{"ty":"gr","it":[{"ind":0,"ty":"sh","ix":1,"ks":{"a":0,"k":{"i":[[0,0],[-10.525,17.811],[22.277,12.853],[45.34,-49.388],[0,0],[12.954,-21.05]],"o":[[0,0],[10.526,-17.812],[-21.049,-12.144],[-45.339,49.387],[-24.288,22.669],[0,0]],"v":[[-3.447,89.638],[80.754,-18.852],[95.327,-81.194],[-1.828,3.008],[-58.502,62.111],[-117.604,112.307]],"c":false},"ix":2},"nm":"Trazado 1","mn":"ADBE Vector Shape - Group","hd":false},{"ty":"gr","it":[{"ty":"tr","p":{"a":0,"k":[0,0],"ix":2},"a":{"a":0,"k":[0,0],"ix":1},"s":{"a":0,"k":[100,100],"ix":3},"r":{"a":0,"k":0,"ix":6},"o":{"a":0,"k":100,"ix":7},"sk":{"a":0,"k":0,"ix":4},"sa":{"a":0,"k":0,"ix":5},"nm":"Transformar"}],"nm":"Grupo 1","np":0,"cix":2,"ix":2,"mn":"ADBE Vector Group","hd":false},{"ty":"mm","mm":4,"nm":"Combinar trazados 1","mn":"ADBE Vector Filter - Merge","hd":false},{"ty":"fl","c":{"a":0,"k":[0.870999983245,0.905999995213,0.976000019148,1],"ix":4},"o":{"a":0,"k":100,"ix":5},"r":1,"nm":"Relleno 1","mn":"ADBE Vector Graphic - Fill","hd":false},{"ty":"tr","p":{"a":0,"k":[214.163,100.838],"ix":2},"a":{"a":0,"k":[0,0],"ix":1},"s":{"a":0,"k":[100,100],"ix":3},"r":{"a":0,"k":0,"ix":6},"o":{"a":0,"k":100,"ix":7},"sk":{"a":0,"k":0,"ix":4},"sa":{"a":0,"k":0,"ix":5},"nm":"Transformar"}],"nm":"Grupo 4","np":4,"cix":2,"ix":4,"mn":"ADBE Vector Group","hd":false},{"ty":"gr","it":[{"ind":0,"ty":"sh","ix":1,"ks":{"a":0,"k":{"i":[[0,0],[9.85,4.925],[-1.619,-25.099],[17.811,-51.816],[38.862,-51.006],[-128.731,-12.145],[-33.147,9.874],[-12.954,32.385],[2.43,8.096],[7.287,13.764],[-2.429,12.144],[15.383,4.858],[0,0]],"o":[[8.096,-55.864],[-8.097,-4.048],[3.13,48.504],[-17.812,51.815],[0,0],[0,0],[38.053,-11.335],[12.954,-32.384],[-2.429,-8.096],[-7.286,-13.764],[2.43,-12.144],[-15.383,-4.857],[0,0]],"v":[[17.002,-105.657],[-1.619,-185.81],[-21.86,-163.14],[-78.534,-11.74],[-123.873,70.033],[-10.525,189.858],[37.242,133.992],[126.302,58.697],[123.872,15.787],[123.872,-17.408],[95.535,-46.554],[71.247,-75.701],[32.385,-95.132]],"c":false},"ix":2},"nm":"Trazado 1","mn":"ADBE Vector Shape - Group","hd":false},{"ty":"st","c":{"a":0,"k":[0.270999983245,0.438999998803,1,1],"ix":3},"o":{"a":0,"k":100,"ix":4},"w":{"a":0,"k":3,"ix":5},"lc":2,"lj":2,"nm":"Trazo 1","mn":"ADBE Vector Graphic - Stroke","hd":false},{"ty":"tr","p":{"a":0,"k":[146.756,261.318],"ix":2},"a":{"a":0,"k":[0,0],"ix":1},"s":{"a":0,"k":[100,100],"ix":3},"r":{"a":0,"k":0,"ix":6},"o":{"a":0,"k":100,"ix":7},"sk":{"a":0,"k":0,"ix":4},"sa":{"a":0,"k":0,"ix":5},"nm":"Transformar"}],"nm":"Grupo 5","np":2,"cix":2,"ix":5,"mn":"ADBE Vector Group","hd":false},{"ty":"gr","it":[{"ind":0,"ty":"sh","ix":1,"ks":{"a":0,"k":{"i":[[0,0],[9.85,4.925],[-1.619,-25.099],[17.811,-51.816],[38.862,-51.006],[-128.731,-12.145],[-33.147,9.874],[-12.954,32.385],[2.43,8.096],[7.287,13.764],[-2.429,12.144],[15.383,4.858],[0,0]],"o":[[8.096,-55.864],[-8.097,-4.048],[3.13,48.504],[-17.812,51.815],[0,0],[0,0],[38.053,-11.335],[12.954,-32.384],[-2.429,-8.096],[-7.286,-13.764],[2.43,-12.144],[-15.383,-4.857],[0,0]],"v":[[17.002,22.844],[-1.619,-57.309],[-21.86,-34.639],[-78.534,116.761],[-123.873,198.533],[-10.525,318.358],[37.242,262.493],[126.302,187.198],[123.872,144.288],[123.872,111.093],[95.535,81.947],[71.247,52.8],[32.385,33.369]],"c":false},"ix":2},"nm":"Trazado 1","mn":"ADBE Vector Shape - Group","hd":false},{"ty":"gr","it":[{"ty":"tr","p":{"a":0,"k":[0,0],"ix":2},"a":{"a":0,"k":[0,0],"ix":1},"s":{"a":0,"k":[100,100],"ix":3},"r":{"a":0,"k":0,"ix":6},"o":{"a":0,"k":100,"ix":7},"sk":{"a":0,"k":0,"ix":4},"sa":{"a":0,"k":0,"ix":5},"nm":"Transformar"}],"nm":"Grupo 1","np":0,"cix":2,"ix":2,"mn":"ADBE Vector Group","hd":false},{"ty":"mm","mm":4,"nm":"Combinar trazados 1","mn":"ADBE Vector Filter - Merge","hd":false},{"ty":"fl","c":{"a":0,"k":[0.870999983245,0.905999995213,0.976000019148,1],"ix":4},"o":{"a":0,"k":100,"ix":5},"r":1,"nm":"Relleno 1","mn":"ADBE Vector Graphic - Fill","hd":false},{"ty":"tr","p":{"a":0,"k":[146.756,132.818],"ix":2},"a":{"a":0,"k":[0,0],"ix":1},"s":{"a":0,"k":[100,100],"ix":3},"r":{"a":0,"k":0,"ix":6},"o":{"a":0,"k":100,"ix":7},"sk":{"a":0,"k":0,"ix":4},"sa":{"a":0,"k":0,"ix":5},"nm":"Transformar"}],"nm":"Grupo 6","np":4,"cix":2,"ix":6,"mn":"ADBE Vector Group","hd":false}],"ip":21.0000008553475,"op":123.000005009893,"st":-10.0000004073083,"bm":0},{"ddd":0,"ind":6,"ty":4,"nm":"AMARILLO contornos","sr":1,"ks":{"o":{"a":0,"k":100,"ix":11},"r":{"a":0,"k":0,"ix":10},"p":{"a":0,"k":[372.5,192.74,0],"ix":2},"a":{"a":0,"k":[46,25.76,0],"ix":1},"s":{"a":1,"k":[{"i":{"x":[0.667,0.667,0.667],"y":[1,1,1]},"o":{"x":[1,1,0.333],"y":[-0.024,-0.024,0]},"n":["0p667_1_1_-0p024","0p667_1_1_-0p024","0p667_1_0p333_0"],"t":41,"s":[0,0,100],"e":[110,110,100]},{"i":{"x":[0.667,0.667,0.667],"y":[1,1,1]},"o":{"x":[0.333,0.333,0.333],"y":[0,0,0]},"n":["0p667_1_0p333_0","0p667_1_0p333_0","0p667_1_0p333_0"],"t":56,"s":[110,110,100],"e":[86.965,86.965,100]},{"i":{"x":[0.667,0.667,0.667],"y":[1,1,1]},"o":{"x":[0.333,0.333,0.333],"y":[0,0,0]},"n":["0p667_1_0p333_0","0p667_1_0p333_0","0p667_1_0p333_0"],"t":65,"s":[86.965,86.965,100],"e":[110,110,100]},{"i":{"x":[0.667,0.667,0.667],"y":[1,1,1]},"o":{"x":[0.333,0.333,0.333],"y":[0,0,0]},"n":["0p667_1_0p333_0","0p667_1_0p333_0","0p667_1_0p333_0"],"t":72,"s":[110,110,100],"e":[86.965,86.965,100]},{"i":{"x":[0.667,0.667,0.667],"y":[1,1,1]},"o":{"x":[0.333,0.333,0.333],"y":[0,0,0]},"n":["0p667_1_0p333_0","0p667_1_0p333_0","0p667_1_0p333_0"],"t":78,"s":[86.965,86.965,100],"e":[110,110,100]},{"i":{"x":[0.667,0.667,0.667],"y":[1,1,1]},"o":{"x":[0.333,0.333,0.333],"y":[0,0,0]},"n":["0p667_1_0p333_0","0p667_1_0p333_0","0p667_1_0p333_0"],"t":84,"s":[110,110,100],"e":[86.965,86.965,100]},{"i":{"x":[0.667,0.667,0.667],"y":[1,1,1]},"o":{"x":[0.333,0.333,0.333],"y":[0,0,0]},"n":["0p667_1_0p333_0","0p667_1_0p333_0","0p667_1_0p333_0"],"t":90,"s":[86.965,86.965,100],"e":[110,110,100]},{"t":97.000003950891}],"ix":6}},"ao":0,"shapes":[{"ty":"gr","it":[{"ind":0,"ty":"sh","ix":1,"ks":{"a":0,"k":{"i":[[9.274,0],[2.474,5.8],[-14.612,-2.909]],"o":[[-4.946,0.446],[-2.473,-5.801],[17.931,3.569]],"v":[[4.245,9.087],[-22.961,3.733],[4.245,-3.853]],"c":true},"ix":2},"nm":"Trazado 1","mn":"ADBE Vector Shape - Group","hd":false},{"ind":1,"ty":"sh","ix":2,"ks":{"a":0,"k":{"i":[[29,8],[-4,-13],[-8,1]],"o":[[-23.633,-6.52],[4,13],[15,0]],"v":[[9.5,-11.74],[-34.5,5.26],[9.5,17.26]],"c":true},"ix":2},"nm":"Trazado 2","mn":"ADBE Vector Shape - Group","hd":false},{"ty":"mm","mm":1,"nm":"Combinar trazados 1","mn":"ADBE Vector Filter - Merge","hd":false},{"ty":"st","c":{"a":0,"k":[0.808000033509,0.388000009574,0.717999985639,1],"ix":3},"o":{"a":0,"k":100,"ix":4},"w":{"a":0,"k":3,"ix":5},"lc":1,"lj":1,"ml":10,"nm":"Trazo 1","mn":"ADBE Vector Graphic - Stroke","hd":false},{"ty":"tr","p":{"a":0,"k":[46,25.76],"ix":2},"a":{"a":0,"k":[0,0],"ix":1},"s":{"a":0,"k":[100,100],"ix":3},"r":{"a":0,"k":0,"ix":6},"o":{"a":0,"k":100,"ix":7},"sk":{"a":0,"k":0,"ix":4},"sa":{"a":0,"k":0,"ix":5},"nm":"Transformar"}],"nm":"Grupo 1","np":4,"cix":2,"ix":1,"mn":"ADBE Vector Group","hd":false},{"ty":"gr","it":[{"ind":0,"ty":"sh","ix":1,"ks":{"a":0,"k":{"i":[[9.274,0],[2.474,5.8],[-14.612,-2.909]],"o":[[-4.946,0.446],[-2.473,-5.801],[17.931,3.569]],"v":[[4.245,9.087],[-22.961,3.733],[4.245,-3.853]],"c":true},"ix":2},"nm":"Trazado 1","mn":"ADBE Vector Shape - Group","hd":false},{"ind":1,"ty":"sh","ix":2,"ks":{"a":0,"k":{"i":[[29,8],[-4,-13],[-8,1]],"o":[[-23.633,-6.52],[4,13],[15,0]],"v":[[9.5,-11.74],[-34.5,5.26],[9.5,17.26]],"c":true},"ix":2},"nm":"Trazado 2","mn":"ADBE Vector Shape - Group","hd":false},{"ty":"mm","mm":1,"nm":"Combinar trazados 1","mn":"ADBE Vector Filter - Merge","hd":false},{"ty":"gr","it":[{"ty":"tr","p":{"a":0,"k":[0,0],"ix":2},"a":{"a":0,"k":[0,0],"ix":1},"s":{"a":0,"k":[100,100],"ix":3},"r":{"a":0,"k":0,"ix":6},"o":{"a":0,"k":100,"ix":7},"sk":{"a":0,"k":0,"ix":4},"sa":{"a":0,"k":0,"ix":5},"nm":"Transformar"}],"nm":"Grupo 1","np":0,"cix":2,"ix":4,"mn":"ADBE Vector Group","hd":false},{"ty":"mm","mm":4,"nm":"Combinar trazados 2","mn":"ADBE Vector Filter - Merge","hd":false},{"ty":"fl","c":{"a":0,"k":[0.957000014361,0.616000007181,0.866999966491,1],"ix":4},"o":{"a":0,"k":100,"ix":5},"r":1,"nm":"Relleno 1","mn":"ADBE Vector Graphic - Fill","hd":false},{"ty":"tr","p":{"a":0,"k":[46,25.76],"ix":2},"a":{"a":0,"k":[0,0],"ix":1},"s":{"a":0,"k":[100,100],"ix":3},"r":{"a":0,"k":0,"ix":6},"o":{"a":0,"k":100,"ix":7},"sk":{"a":0,"k":0,"ix":4},"sa":{"a":0,"k":0,"ix":5},"nm":"Transformar"}],"nm":"Grupo 2","np":6,"cix":2,"ix":2,"mn":"ADBE Vector Group","hd":false}],"ip":52.0000021180034,"op":134.000005457932,"st":12.00000048877,"bm":0},{"ddd":0,"ind":7,"ty":4,"nm":"VERDE contornos","sr":1,"ks":{"o":{"a":0,"k":100,"ix":11},"r":{"a":0,"k":0,"ix":10},"p":{"a":0,"k":[509.5,113.74,0],"ix":2},"a":{"a":0,"k":[46,25.76,0],"ix":1},"s":{"a":1,"k":[{"i":{"x":[0.667,0.667,0.667],"y":[1,1,1]},"o":{"x":[1,1,0.333],"y":[-0.024,-0.024,0]},"n":["0p667_1_1_-0p024","0p667_1_1_-0p024","0p667_1_0p333_0"],"t":13,"s":[0,0,100],"e":[110,110,100]},{"i":{"x":[0.667,0.667,0.667],"y":[1,1,1]},"o":{"x":[0.333,0.333,0.333],"y":[0,0,0]},"n":["0p667_1_0p333_0","0p667_1_0p333_0","0p667_1_0p333_0"],"t":28,"s":[110,110,100],"e":[86.965,86.965,100]},{"i":{"x":[0.667,0.667,0.667],"y":[1,1,1]},"o":{"x":[0.333,0.333,0.333],"y":[0,0,0]},"n":["0p667_1_0p333_0","0p667_1_0p333_0","0p667_1_0p333_0"],"t":37,"s":[86.965,86.965,100],"e":[110,110,100]},{"i":{"x":[0.667,0.667,0.667],"y":[1,1,1]},"o":{"x":[0.333,0.333,0.333],"y":[0,0,0]},"n":["0p667_1_0p333_0","0p667_1_0p333_0","0p667_1_0p333_0"],"t":44,"s":[110,110,100],"e":[86.965,86.965,100]},{"i":{"x":[0.667,0.667,0.667],"y":[1,1,1]},"o":{"x":[0.333,0.333,0.333],"y":[0,0,0]},"n":["0p667_1_0p333_0","0p667_1_0p333_0","0p667_1_0p333_0"],"t":50,"s":[86.965,86.965,100],"e":[110,110,100]},{"i":{"x":[0.667,0.667,0.667],"y":[1,1,1]},"o":{"x":[0.333,0.333,0.333],"y":[0,0,0]},"n":["0p667_1_0p333_0","0p667_1_0p333_0","0p667_1_0p333_0"],"t":56,"s":[110,110,100],"e":[86.965,86.965,100]},{"i":{"x":[0.667,0.667,0.667],"y":[1,1,1]},"o":{"x":[0.333,0.333,0.333],"y":[0,0,0]},"n":["0p667_1_0p333_0","0p667_1_0p333_0","0p667_1_0p333_0"],"t":62,"s":[86.965,86.965,100],"e":[110,110,100]},{"t":69.0000028104276}],"ix":6}},"ao":0,"shapes":[{"ty":"gr","it":[{"ind":0,"ty":"sh","ix":1,"ks":{"a":0,"k":{"i":[[9.274,0],[2.474,5.8],[-14.612,-2.909]],"o":[[-4.946,0.446],[-2.473,-5.801],[17.931,3.569]],"v":[[4.245,9.087],[-22.961,3.733],[4.245,-3.853]],"c":true},"ix":2},"nm":"Trazado 1","mn":"ADBE Vector Shape - Group","hd":false},{"ind":1,"ty":"sh","ix":2,"ks":{"a":0,"k":{"i":[[29,8],[-4,-13],[-8,1]],"o":[[-23.633,-6.52],[4,13],[15,0]],"v":[[9.5,-11.74],[-34.5,5.26],[9.5,17.26]],"c":true},"ix":2},"nm":"Trazado 2","mn":"ADBE Vector Shape - Group","hd":false},{"ty":"mm","mm":1,"nm":"Combinar trazados 1","mn":"ADBE Vector Filter - Merge","hd":false},{"ty":"st","c":{"a":0,"k":[0.528017759323,0.482460677624,0.011704080738,1],"ix":3},"o":{"a":0,"k":100,"ix":4},"w":{"a":0,"k":3,"ix":5},"lc":1,"lj":1,"ml":10,"nm":"Trazo 1","mn":"ADBE Vector Graphic - Stroke","hd":false},{"ty":"tr","p":{"a":0,"k":[46,25.76],"ix":2},"a":{"a":0,"k":[0,0],"ix":1},"s":{"a":0,"k":[100,100],"ix":3},"r":{"a":0,"k":0,"ix":6},"o":{"a":0,"k":100,"ix":7},"sk":{"a":0,"k":0,"ix":4},"sa":{"a":0,"k":0,"ix":5},"nm":"Transformar"}],"nm":"Grupo 1","np":4,"cix":2,"ix":1,"mn":"ADBE Vector Group","hd":false},{"ty":"gr","it":[{"ind":0,"ty":"sh","ix":1,"ks":{"a":0,"k":{"i":[[9.274,0],[2.474,5.8],[-14.612,-2.909]],"o":[[-4.946,0.446],[-2.473,-5.801],[17.931,3.569]],"v":[[4.245,9.087],[-22.961,3.733],[4.245,-3.853]],"c":true},"ix":2},"nm":"Trazado 1","mn":"ADBE Vector Shape - Group","hd":false},{"ind":1,"ty":"sh","ix":2,"ks":{"a":0,"k":{"i":[[29,8],[-4,-13],[-8,1]],"o":[[-23.633,-6.52],[4,13],[15,0]],"v":[[9.5,-11.74],[-34.5,5.26],[9.5,17.26]],"c":true},"ix":2},"nm":"Trazado 2","mn":"ADBE Vector Shape - Group","hd":false},{"ty":"mm","mm":1,"nm":"Combinar trazados 1","mn":"ADBE Vector Filter - Merge","hd":false},{"ty":"gr","it":[{"ty":"tr","p":{"a":0,"k":[0,0],"ix":2},"a":{"a":0,"k":[0,0],"ix":1},"s":{"a":0,"k":[100,100],"ix":3},"r":{"a":0,"k":0,"ix":6},"o":{"a":0,"k":100,"ix":7},"sk":{"a":0,"k":0,"ix":4},"sa":{"a":0,"k":0,"ix":5},"nm":"Transformar"}],"nm":"Grupo 1","np":0,"cix":2,"ix":4,"mn":"ADBE Vector Group","hd":false},{"ty":"mm","mm":4,"nm":"Combinar trazados 2","mn":"ADBE Vector Filter - Merge","hd":false},{"ty":"fl","c":{"a":0,"k":[0.982031226158,0.909947872162,0.179301947355,1],"ix":4},"o":{"a":0,"k":100,"ix":5},"r":1,"nm":"Relleno 1","mn":"ADBE Vector Graphic - Fill","hd":false},{"ty":"tr","p":{"a":0,"k":[46,25.76],"ix":2},"a":{"a":0,"k":[0,0],"ix":1},"s":{"a":0,"k":[100,100],"ix":3},"r":{"a":0,"k":0,"ix":6},"o":{"a":0,"k":100,"ix":7},"sk":{"a":0,"k":0,"ix":4},"sa":{"a":0,"k":0,"ix":5},"nm":"Transformar"}],"nm":"Grupo 2","np":6,"cix":2,"ix":2,"mn":"ADBE Vector Group","hd":false}],"ip":13.0000005295009,"op":114.000004643315,"st":-8.00000032584668,"bm":0},{"ddd":0,"ind":8,"ty":4,"nm":"TEL contornos","sr":1,"ks":{"o":{"a":0,"k":100,"ix":11},"r":{"a":1,"k":[{"i":{"x":[0.833],"y":[0.833]},"o":{"x":[0.167],"y":[0.167]},"n":["0p833_0p833_0p167_0p167"],"t":0,"s":[25.615],"e":[1.831]},{"i":{"x":[0.833],"y":[0.833]},"o":{"x":[0.167],"y":[0.167]},"n":["0p833_0p833_0p167_0p167"],"t":21,"s":[1.831],"e":[-2.607]},{"t":31.0000012626559}],"ix":10},"p":{"a":1,"k":[{"i":{"x":0.7,"y":0.726},"o":{"x":0.3,"y":0.309},"n":"0p7_0p726_0p3_0p309","t":0,"s":[422.071,679.123,0],"e":[425.321,308.328,0],"to":[-50.8333969116211,-20.4166927337646,0],"ti":[10.6001806259155,136.539764404297,0]},{"i":{"x":0.667,"y":1},"o":{"x":0.139,"y":1},"n":"0p667_1_0p139_1","t":10,"s":[425.321,308.328,0],"e":[418.071,264.024,0],"to":[-0.33317598700523,-4.29160356521606,0],"ti":[-1.33333337306976,-0.33333334326744,0]},{"t":21.0000008553475}],"ix":2},"a":{"a":0,"k":[282.321,232.372,0],"ix":1},"s":{"a":0,"k":[100,100,100],"ix":6}},"ao":0,"shapes":[{"ty":"gr","it":[{"ty":"st","c":{"a":0,"k":[0.498039006252,0.403921987496,0.921568986481,1],"ix":3},"o":{"a":0,"k":100,"ix":4},"w":{"a":0,"k":9,"ix":5},"lc":1,"lj":1,"ml":4,"nm":"Trazo 1","mn":"ADBE Vector Graphic - Stroke","hd":false},{"ty":"fl","c":{"a":0,"k":[1,1,1,1],"ix":4},"o":{"a":0,"k":100,"ix":5},"r":1,"nm":"Relleno 1","mn":"ADBE Vector Graphic - Fill","hd":false},{"ty":"tr","p":{"a":0,"k":[0,0],"ix":2},"a":{"a":0,"k":[0,0],"ix":1},"s":{"a":0,"k":[100,100],"ix":3},"r":{"a":0,"k":0,"ix":6},"o":{"a":0,"k":100,"ix":7},"sk":{"a":0,"k":0,"ix":4},"sa":{"a":0,"k":0,"ix":5},"nm":"Transformar"}],"nm":"Forma 1","np":2,"cix":2,"ix":1,"mn":"ADBE Vector Group","hd":false},{"ty":"gr","it":[{"ind":0,"ty":"sh","ix":1,"ks":{"a":0,"k":{"i":[[0,0],[-2.7,-9.9],[-1.8,0],[-4.5,3.6],[0,0]],"o":[[-9,1.8],[2.7,9.9],[1.8,0],[4.5,-3.6],[0,0]],"v":[[-6.1,-17.5],[-16.2,2.2],[-9.9,17.5],[7.2,13.9],[18.9,5.8]],"c":false},"ix":2},"nm":"Trazado 1","mn":"ADBE Vector Shape - Group","hd":false},{"ty":"st","c":{"a":0,"k":[0.270999983245,0.438999998803,1,1],"ix":3},"o":{"a":0,"k":100,"ix":4},"w":{"a":0,"k":2,"ix":5},"lc":2,"lj":2,"nm":"Trazo 1","mn":"ADBE Vector Graphic - Stroke","hd":false},{"ty":"tr","p":{"a":0,"k":[405.35,150.75],"ix":2},"a":{"a":0,"k":[0,0],"ix":1},"s":{"a":0,"k":[100,100],"ix":3},"r":{"a":0,"k":0,"ix":6},"o":{"a":0,"k":100,"ix":7},"sk":{"a":0,"k":0,"ix":4},"sa":{"a":0,"k":0,"ix":5},"nm":"Transformar"}],"nm":"Grupo 1","np":2,"cix":2,"ix":2,"mn":"ADBE Vector Group","hd":false},{"ty":"gr","it":[{"ind":0,"ty":"sh","ix":1,"ks":{"a":0,"k":{"i":[[0,0],[5.115,13.154],[23.748,44.209],[-14.616,5.116],[-20.46,-27.037],[-25.022,-22.551],[-3,-3]],"o":[[0,0],[-5.115,-13.153],[-15.314,-28.506],[14.614,-5.114],[20.46,27.037],[10.471,9.436],[0,0]],"v":[[7.729,82.024],[-0.309,58.641],[-49.633,-20.643],[-49.633,-76.91],[-5.79,-41.834],[50.476,10.778],[64.947,20.214]],"c":false},"ix":2},"nm":"Trazado 1","mn":"ADBE Vector Shape - Group","hd":false},{"ty":"st","c":{"a":0,"k":[0.270999983245,0.438999998803,1,1],"ix":3},"o":{"a":0,"k":100,"ix":4},"w":{"a":0,"k":3,"ix":5},"lc":2,"lj":2,"nm":"Trazo 1","mn":"ADBE Vector Graphic - Stroke","hd":false},{"ty":"tr","p":{"a":0,"k":[439.803,210.536],"ix":2},"a":{"a":0,"k":[0,0],"ix":1},"s":{"a":0,"k":[100,100],"ix":3},"r":{"a":0,"k":0,"ix":6},"o":{"a":0,"k":100,"ix":7},"sk":{"a":0,"k":0,"ix":4},"sa":{"a":0,"k":0,"ix":5},"nm":"Transformar"}],"nm":"Grupo 2","np":2,"cix":2,"ix":3,"mn":"ADBE Vector Group","hd":false},{"ty":"gr","it":[{"ind":0,"ty":"sh","ix":1,"ks":{"a":0,"k":{"i":[[0,0],[5.115,13.154],[23.748,44.209],[-14.616,5.116],[-20.46,-27.037],[-25.022,-22.551],[-3,-3]],"o":[[0,0],[-5.115,-13.153],[-15.314,-28.506],[14.614,-5.114],[20.46,27.037],[10.471,9.436],[0,0]],"v":[[7.729,82.024],[-0.309,58.641],[-49.633,-20.643],[-49.633,-76.91],[-5.79,-41.834],[50.476,10.778],[64.947,20.214]],"c":false},"ix":2},"nm":"Trazado 1","mn":"ADBE Vector Shape - Group","hd":false},{"ty":"gr","it":[{"ty":"tr","p":{"a":0,"k":[0,0],"ix":2},"a":{"a":0,"k":[0,0],"ix":1},"s":{"a":0,"k":[100,100],"ix":3},"r":{"a":0,"k":0,"ix":6},"o":{"a":0,"k":100,"ix":7},"sk":{"a":0,"k":0,"ix":4},"sa":{"a":0,"k":0,"ix":5},"nm":"Transformar"}],"nm":"Grupo 1","np":0,"cix":2,"ix":2,"mn":"ADBE Vector Group","hd":false},{"ty":"mm","mm":4,"nm":"Combinar trazados 1","mn":"ADBE Vector Filter - Merge","hd":false},{"ty":"fl","c":{"a":0,"k":[0.870999983245,0.905999995213,0.976000019148,1],"ix":4},"o":{"a":0,"k":100,"ix":5},"r":1,"nm":"Relleno 1","mn":"ADBE Vector Graphic - Fill","hd":false},{"ty":"tr","p":{"a":0,"k":[439.803,210.536],"ix":2},"a":{"a":0,"k":[0,0],"ix":1},"s":{"a":0,"k":[100,100],"ix":3},"r":{"a":0,"k":0,"ix":6},"o":{"a":0,"k":100,"ix":7},"sk":{"a":0,"k":0,"ix":4},"sa":{"a":0,"k":0,"ix":5},"nm":"Transformar"}],"nm":"Grupo 3","np":4,"cix":2,"ix":4,"mn":"ADBE Vector Group","hd":false},{"ty":"gr","it":[{"ind":0,"ty":"sh","ix":1,"ks":{"a":0,"k":{"i":[[0,0],[-4.882,7.648]],"o":[[0,0],[0,0]],"v":[[0.746,12.983],[2.441,-12.984]],"c":false},"ix":2},"nm":"Trazado 1","mn":"ADBE Vector Shape - Group","hd":false},{"ty":"st","c":{"a":0,"k":[0.270999983245,0.438999998803,1,1],"ix":3},"o":{"a":0,"k":100,"ix":4},"w":{"a":0,"k":3,"ix":5},"lc":2,"lj":2,"nm":"Trazo 1","mn":"ADBE Vector Graphic - Stroke","hd":false},{"ty":"tr","p":{"a":0,"k":[430.71,272.269],"ix":2},"a":{"a":0,"k":[0,0],"ix":1},"s":{"a":0,"k":[100,100],"ix":3},"r":{"a":0,"k":0,"ix":6},"o":{"a":0,"k":100,"ix":7},"sk":{"a":0,"k":0,"ix":4},"sa":{"a":0,"k":0,"ix":5},"nm":"Transformar"}],"nm":"Grupo 4","np":2,"cix":2,"ix":5,"mn":"ADBE Vector Group","hd":false},{"ty":"gr","it":[{"ind":0,"ty":"sh","ix":1,"ks":{"a":0,"k":{"i":[[0,22],[4,-3],[0,-14]],"o":[[0,-20],[-4,3],[0,14]],"v":[[16,0],[-5,-19],[-16,5]],"c":true},"ix":2},"nm":"Trazado 1","mn":"ADBE Vector Shape - Group","hd":false},{"ty":"st","c":{"a":0,"k":[0.635000011968,0.725,0.976000019148,1],"ix":3},"o":{"a":0,"k":100,"ix":4},"w":{"a":0,"k":3,"ix":5},"lc":1,"lj":2,"nm":"Trazo 1","mn":"ADBE Vector Graphic - Stroke","hd":false},{"ty":"tr","p":{"a":0,"k":[31.75,131.75],"ix":2},"a":{"a":0,"k":[0,0],"ix":1},"s":{"a":0,"k":[100,100],"ix":3},"r":{"a":0,"k":0,"ix":6},"o":{"a":0,"k":100,"ix":7},"sk":{"a":0,"k":0,"ix":4},"sa":{"a":0,"k":0,"ix":5},"nm":"Transformar"}],"nm":"Grupo 5","np":2,"cix":2,"ix":6,"mn":"ADBE Vector Group","hd":false},{"ty":"gr","it":[{"ind":0,"ty":"sh","ix":1,"ks":{"a":0,"k":{"i":[[1.512,0],[0,0],[0,-1.512],[0,0],[-1.513,0],[0,0],[0,1.513],[0,0]],"o":[[0,0],[-1.513,0],[0,0],[0,1.513],[0,0],[1.512,0],[0,0],[0,-1.512]],"v":[[173.25,-95.5],[-173.25,-95.5],[-176,-92.75],[-176,92.75],[-173.25,95.5],[173.25,95.5],[176,92.75],[176,-92.75]],"c":true},"ix":2},"nm":"Trazado 1","mn":"ADBE Vector Shape - Group","hd":false},{"ty":"gr","it":[{"ind":0,"ty":"sh","ix":1,"ks":{"a":0,"k":{"i":[[0,0],[0,0],[0,0],[0,0]],"o":[[0,0],[0,0],[0,0],[0,0]],"v":[[-176,95.5],[176,95.5],[176,-95.5],[-176,-95.5]],"c":true},"ix":2},"nm":"Trazado 3","mn":"ADBE Vector Shape - Group","hd":false},{"ty":"tr","p":{"a":0,"k":[0,0],"ix":2},"a":{"a":0,"k":[0,0],"ix":1},"s":{"a":0,"k":[100,100],"ix":3},"r":{"a":0,"k":0,"ix":6},"o":{"a":0,"k":100,"ix":7},"sk":{"a":0,"k":0,"ix":4},"sa":{"a":0,"k":0,"ix":5},"nm":"Transformar"}],"nm":"Grupo 1","np":1,"cix":2,"ix":2,"mn":"ADBE Vector Group","hd":false},{"ty":"mm","mm":4,"nm":"Combinar trazados 1","mn":"ADBE Vector Filter - Merge","hd":false},{"ty":"fl","c":{"a":0,"k":[0.830999995213,0.885999971278,0.976000019148,1],"ix":4},"o":{"a":0,"k":20,"ix":5},"r":1,"nm":"Relleno 1","mn":"ADBE Vector Graphic - Fill","hd":false},{"ty":"tr","p":{"a":0,"k":[240.25,124.75],"ix":2},"a":{"a":0,"k":[0,0],"ix":1},"s":{"a":0,"k":[100,100],"ix":3},"r":{"a":0,"k":0,"ix":6},"o":{"a":0,"k":100,"ix":7},"sk":{"a":0,"k":0,"ix":4},"sa":{"a":0,"k":0,"ix":5},"nm":"Transformar"}],"nm":"Grupo 6","np":4,"cix":2,"ix":7,"mn":"ADBE Vector Group","hd":false},{"ty":"gr","it":[{"ind":0,"ty":"sh","ix":1,"ks":{"a":0,"k":{"i":[[0,0],[0,1.513],[0,0],[-1.513,0],[0,0],[0,-1.512],[0,0],[1.512,0]],"o":[[-1.513,0],[0,0],[0,-1.512],[0,0],[1.512,0],[0,0],[0,1.513],[0,0]],"v":[[-157.25,95.5],[-160,92.75],[-160,-92.75],[-157.25,-95.5],[189.25,-95.5],[192,-92.75],[192,92.75],[189.25,95.5]],"c":true},"ix":2},"nm":"Trazado 1","mn":"ADBE Vector Shape - Group","hd":false},{"ind":1,"ty":"sh","ix":2,"ks":{"a":0,"k":{"i":[[22.369,0],[0,0],[0,-22.369],[0,0],[-22.369,0],[0,0],[0,22.37],[0,0]],"o":[[0,0],[-22.369,0],[0,0],[0,22.37],[0,0],[22.369,0],[0,0],[0,-22.369]],"v":[[183.328,-124.5],[-183.328,-124.5],[-224,-83.829],[-224,83.828],[-183.328,124.5],[183.328,124.5],[224,83.828],[224,-83.829]],"c":true},"ix":2},"nm":"Trazado 2","mn":"ADBE Vector Shape - Group","hd":false},{"ind":2,"ty":"sh","ix":3,"ks":{"a":0,"k":{"i":[[-3.17,0],[0,0],[0,3.17],[0,0],[3.17,0],[0,0],[0,-3.17],[0,0]],"o":[[0,0],[3.17,0],[0,0],[0,-3.17],[0,0],[-3.17,0],[0,0],[0,3.17]],"v":[[-157.25,98.5],[189.25,98.5],[195,92.75],[195,-92.75],[189.25,-98.5],[-157.25,-98.5],[-163,-92.75],[-163,92.75]],"c":true},"ix":2},"nm":"Trazado 3","mn":"ADBE Vector Shape - Group","hd":false},{"ind":3,"ty":"sh","ix":4,"ks":{"a":0,"k":{"i":[[0,0],[0,-20.772],[0,0],[20.773,0],[0,0],[0,20.773],[0,0],[-20.773,0]],"o":[[20.773,0],[0,0],[0,20.773],[0,0],[-20.773,0],[0,0],[0,-20.772],[0,0]],"v":[[183.328,-121.5],[221,-83.829],[221,83.828],[183.328,121.5],[-183.328,121.5],[-221,83.828],[-221,-83.829],[-183.328,-121.5]],"c":true},"ix":2},"nm":"Trazado 4","mn":"ADBE Vector Shape - Group","hd":false},{"ty":"mm","mm":1,"nm":"Combinar trazados 1","mn":"ADBE Vector Filter - Merge","hd":false},{"ty":"gr","it":[{"ty":"tr","p":{"a":0,"k":[0,0],"ix":2},"a":{"a":0,"k":[0,0],"ix":1},"s":{"a":0,"k":[100,100],"ix":3},"r":{"a":0,"k":0,"ix":6},"o":{"a":0,"k":100,"ix":7},"sk":{"a":0,"k":0,"ix":4},"sa":{"a":0,"k":0,"ix":5},"nm":"Transformar"}],"nm":"Grupo 1","np":0,"cix":2,"ix":6,"mn":"ADBE Vector Group","hd":false},{"ty":"mm","mm":4,"nm":"Combinar trazados 2","mn":"ADBE Vector Filter - Merge","hd":false},{"ty":"fl","c":{"a":0,"k":[0.270999983245,0.438999998803,1,1],"ix":4},"o":{"a":0,"k":100,"ix":5},"r":1,"nm":"Relleno 1","mn":"ADBE Vector Graphic - Fill","hd":false},{"ty":"tr","p":{"a":0,"k":[224.25,124.75],"ix":2},"a":{"a":0,"k":[0,0],"ix":1},"s":{"a":0,"k":[100,100],"ix":3},"r":{"a":0,"k":0,"ix":6},"o":{"a":0,"k":100,"ix":7},"sk":{"a":0,"k":0,"ix":4},"sa":{"a":0,"k":0,"ix":5},"nm":"Transformar"}],"nm":"Grupo 7","np":8,"cix":2,"ix":8,"mn":"ADBE Vector Group","hd":false},{"ty":"gr","it":[{"ind":0,"ty":"sh","ix":1,"ks":{"a":0,"k":{"i":[[0,0],[0,-2.343],[0,0],[-2.344,0],[0,0],[0,2.344],[0,0],[2.344,0]],"o":[[-2.344,0],[0,0],[0,2.344],[0,0],[2.344,0],[0,0],[0,-2.343],[0,0]],"v":[[-157.25,-97],[-161.5,-92.75],[-161.5,92.75],[-157.25,97],[189.25,97],[193.5,92.75],[193.5,-92.75],[189.25,-97]],"c":true},"ix":2},"nm":"Trazado 1","mn":"ADBE Vector Shape - Group","hd":false},{"ind":1,"ty":"sh","ix":2,"ks":{"a":0,"k":{"i":[[0,0],[0,21.6],[0,0],[-21.6,0],[0,0],[0,-21.599],[0,0],[21.6,0]],"o":[[-21.6,0],[0,0],[0,-21.599],[0,0],[21.6,0],[0,0],[0,21.6],[0,0]],"v":[[-183.328,123],[-222.5,83.828],[-222.5,-83.829],[-183.328,-123],[183.328,-123],[222.5,-83.829],[222.5,83.828],[183.328,123]],"c":true},"ix":2},"nm":"Trazado 2","mn":"ADBE Vector Shape - Group","hd":false},{"ty":"mm","mm":1,"nm":"Combinar trazados 1","mn":"ADBE Vector Filter - Merge","hd":false},{"ty":"gr","it":[{"ty":"tr","p":{"a":0,"k":[0,0],"ix":2},"a":{"a":0,"k":[0,0],"ix":1},"s":{"a":0,"k":[100,100],"ix":3},"r":{"a":0,"k":0,"ix":6},"o":{"a":0,"k":100,"ix":7},"sk":{"a":0,"k":0,"ix":4},"sa":{"a":0,"k":0,"ix":5},"nm":"Transformar"}],"nm":"Grupo 1","np":0,"cix":2,"ix":4,"mn":"ADBE Vector Group","hd":false},{"ty":"mm","mm":4,"nm":"Combinar trazados 2","mn":"ADBE Vector Filter - Merge","hd":false},{"ty":"fl","c":{"a":0,"k":[0.270999983245,0.438999998803,1,1],"ix":4},"o":{"a":0,"k":100,"ix":5},"r":1,"nm":"Relleno 1","mn":"ADBE Vector Graphic - Fill","hd":false},{"ty":"tr","p":{"a":0,"k":[224.25,124.75],"ix":2},"a":{"a":0,"k":[0,0],"ix":1},"s":{"a":0,"k":[100,100],"ix":3},"r":{"a":0,"k":0,"ix":6},"o":{"a":0,"k":100,"ix":7},"sk":{"a":0,"k":0,"ix":4},"sa":{"a":0,"k":0,"ix":5},"nm":"Transformar"}],"nm":"Grupo 8","np":6,"cix":2,"ix":9,"mn":"ADBE Vector Group","hd":false},{"ty":"gr","it":[{"ind":0,"ty":"sh","ix":1,"ks":{"a":0,"k":{"i":[[0,0],[21.5,-1.5],[0,0]],"o":[[32.099,22.305],[-12.339,0.861],[0,0]],"v":[[31.651,-8.236],[-29.75,13.57],[-63.75,-14.43]],"c":true},"ix":2},"nm":"Trazado 1","mn":"ADBE Vector Shape - Group","hd":false},{"ty":"gr","it":[{"ty":"tr","p":{"a":0,"k":[0,0],"ix":2},"a":{"a":0,"k":[0,0],"ix":1},"s":{"a":0,"k":[100,100],"ix":3},"r":{"a":0,"k":0,"ix":6},"o":{"a":0,"k":100,"ix":7},"sk":{"a":0,"k":0,"ix":4},"sa":{"a":0,"k":0,"ix":5},"nm":"Transformar"}],"nm":"Grupo 1","np":0,"cix":2,"ix":2,"mn":"ADBE Vector Group","hd":false},{"ty":"mm","mm":4,"nm":"Combinar trazados 1","mn":"ADBE Vector Filter - Merge","hd":false},{"ty":"fl","c":{"a":0,"k":[0.728999956916,0.804000016755,0.910000011968,1],"ix":4},"o":{"a":0,"k":100,"ix":5},"r":1,"nm":"Relleno 1","mn":"ADBE Vector Graphic - Fill","hd":false},{"ty":"tr","p":{"a":0,"k":[401.5,248.181],"ix":2},"a":{"a":0,"k":[0,0],"ix":1},"s":{"a":0,"k":[100,100],"ix":3},"r":{"a":0,"k":0,"ix":6},"o":{"a":0,"k":100,"ix":7},"sk":{"a":0,"k":0,"ix":4},"sa":{"a":0,"k":0,"ix":5},"nm":"Transformar"}],"nm":"Grupo 9","np":4,"cix":2,"ix":10,"mn":"ADBE Vector Group","hd":false},{"ty":"gr","it":[{"ind":0,"ty":"sh","ix":1,"ks":{"a":0,"k":{"i":[[0,0],[-24,-54],[1.461,-52.612],[0,0],[10.678,20.499],[6.576,54.074],[0,0]],"o":[[46.036,35.075],[9.589,21.575],[-135.186,14.614],[0,0],[-4.984,-9.569],[0,0],[0,0]],"v":[[-18.268,-174.415],[82.025,-67.081],[105.957,159.8],[-29.23,169.3],[-41.652,40.421],[-107.418,-42.883],[-24.845,-53.113]],"c":true},"ix":2},"nm":"Trazado 1","mn":"ADBE Vector Shape - Group","hd":false},{"ty":"st","c":{"a":0,"k":[0.270999983245,0.438999998803,1,1],"ix":3},"o":{"a":0,"k":100,"ix":4},"w":{"a":0,"k":3,"ix":5},"lc":2,"lj":2,"nm":"Trazo 1","mn":"ADBE Vector Graphic - Stroke","hd":false},{"ty":"tr","p":{"a":0,"k":[449.725,282.831],"ix":2},"a":{"a":0,"k":[0,0],"ix":1},"s":{"a":0,"k":[100,100],"ix":3},"r":{"a":0,"k":0,"ix":6},"o":{"a":0,"k":100,"ix":7},"sk":{"a":0,"k":0,"ix":4},"sa":{"a":0,"k":0,"ix":5},"nm":"Transformar"}],"nm":"Grupo 10","np":2,"cix":2,"ix":11,"mn":"ADBE Vector Group","hd":false},{"ty":"gr","it":[{"ind":0,"ty":"sh","ix":1,"ks":{"a":0,"k":{"i":[[0,0],[-24,-54],[1.461,-52.612],[0,0],[10.678,20.499],[6.576,54.074],[0,0]],"o":[[46.036,35.075],[9.589,21.575],[-135.186,14.614],[0,0],[-4.984,-9.569],[0,0],[0,0]],"v":[[-18.268,-94.417],[82.025,12.917],[105.957,239.798],[-29.23,249.298],[-41.652,120.418],[-107.418,37.114],[-24.845,26.885]],"c":true},"ix":2},"nm":"Trazado 1","mn":"ADBE Vector Shape - Group","hd":false},{"ty":"gr","it":[{"ty":"tr","p":{"a":0,"k":[0,0],"ix":2},"a":{"a":0,"k":[0,0],"ix":1},"s":{"a":0,"k":[100,100],"ix":3},"r":{"a":0,"k":0,"ix":6},"o":{"a":0,"k":100,"ix":7},"sk":{"a":0,"k":0,"ix":4},"sa":{"a":0,"k":0,"ix":5},"nm":"Transformar"}],"nm":"Grupo 1","np":0,"cix":2,"ix":2,"mn":"ADBE Vector Group","hd":false},{"ty":"mm","mm":4,"nm":"Combinar trazados 1","mn":"ADBE Vector Filter - Merge","hd":false},{"ty":"fl","c":{"a":0,"k":[0.870999983245,0.905999995213,0.976000019148,1],"ix":4},"o":{"a":0,"k":100,"ix":5},"r":1,"nm":"Relleno 1","mn":"ADBE Vector Graphic - Fill","hd":false},{"ty":"tr","p":{"a":0,"k":[449.725,202.833],"ix":2},"a":{"a":0,"k":[0,0],"ix":1},"s":{"a":0,"k":[100,100],"ix":3},"r":{"a":0,"k":0,"ix":6},"o":{"a":0,"k":100,"ix":7},"sk":{"a":0,"k":0,"ix":4},"sa":{"a":0,"k":0,"ix":5},"nm":"Transformar"}],"nm":"Grupo 11","np":4,"cix":2,"ix":12,"mn":"ADBE Vector Group","hd":false}],"ip":0,"op":123.000005009893,"st":0,"bm":0},{"ddd":0,"ind":9,"ty":4,"nm":"BILL contornos","sr":1,"ks":{"o":{"a":0,"k":100,"ix":11},"r":{"a":0,"k":0,"ix":10},"p":{"a":0,"k":[399.878,185.665,0],"ix":2},"a":{"a":0,"k":[214.314,120.086,0],"ix":1},"s":{"a":0,"k":[100,100,100],"ix":6}},"ao":0,"shapes":[{"ty":"gr","it":[{"ty":"st","c":{"a":0,"k":[0.270999983245,0.438999998803,1,1],"ix":3},"o":{"a":0,"k":100,"ix":4},"w":{"a":0,"k":4,"ix":5},"lc":1,"lj":1,"ml":4,"nm":"Trazo 1","mn":"ADBE Vector Graphic - Stroke","hd":false},{"ty":"fl","c":{"a":0,"k":[1,1,1,1],"ix":4},"o":{"a":0,"k":100,"ix":5},"r":1,"nm":"Relleno 1","mn":"ADBE Vector Graphic - Fill","hd":false},{"ty":"tr","p":{"a":0,"k":[0,0],"ix":2},"a":{"a":0,"k":[0,0],"ix":1},"s":{"a":0,"k":[100,100],"ix":3},"r":{"a":0,"k":0,"ix":6},"o":{"a":0,"k":100,"ix":7},"sk":{"a":0,"k":0,"ix":4},"sa":{"a":0,"k":0,"ix":5},"nm":"Transformar"}],"nm":"Forma 1","np":2,"cix":2,"ix":1,"mn":"ADBE Vector Group","hd":false},{"ty":"gr","it":[{"ind":0,"ty":"sh","ix":1,"ks":{"a":0,"k":{"i":[[0,0],[-5.347,-0.644],[4.639,1.869],[2.448,1.418],[-13.076,1.417],[15.781,0.966],[-7.279,-0.128]],"o":[[-13.526,3.607],[5.346,0.644],[-4.638,-1.868],[-2.447,-1.417],[13.076,-1.417],[-15.782,-0.966],[0,0]],"v":[[10.628,11.015],[-5.154,10.049],[14.171,4.895],[-4.253,5.668],[4.638,0.193],[-3.028,-9.147],[-2.385,-14.494]],"c":false},"ix":2},"nm":"Trazado 1","mn":"ADBE Vector Shape - Group","hd":false},{"ty":"st","c":{"a":0,"k":[0.270999983245,0.438999998803,1,1],"ix":3},"o":{"a":0,"k":100,"ix":4},"w":{"a":0,"k":4,"ix":5},"lc":2,"lj":2,"nm":"Trazo 1","mn":"ADBE Vector Graphic - Stroke","hd":false},{"ty":"tr","p":{"a":0,"k":[35.804,58.765],"ix":2},"a":{"a":0,"k":[0,0],"ix":1},"s":{"a":0,"k":[100,100],"ix":3},"r":{"a":0,"k":0,"ix":6},"o":{"a":0,"k":100,"ix":7},"sk":{"a":0,"k":0,"ix":4},"sa":{"a":0,"k":0,"ix":5},"nm":"Transformar"}],"nm":"Grupo 1","np":2,"cix":2,"ix":2,"mn":"ADBE Vector Group","hd":false},{"ty":"gr","it":[{"ind":0,"ty":"sh","ix":1,"ks":{"a":0,"k":{"i":[[0,0],[-5.347,-0.644],[4.639,1.869],[2.448,1.418],[-13.076,1.417],[15.781,0.966],[-7.279,-0.128]],"o":[[-13.526,3.607],[5.346,0.644],[-4.638,-1.868],[-2.447,-1.417],[13.076,-1.417],[-15.782,-0.966],[0,0]],"v":[[10.628,11.015],[-5.154,10.049],[14.171,4.895],[-4.253,5.668],[4.638,0.193],[-3.028,-9.147],[-2.385,-14.494]],"c":false},"ix":2},"nm":"Trazado 1","mn":"ADBE Vector Shape - Group","hd":false},{"ty":"gr","it":[{"ty":"tr","p":{"a":0,"k":[0,0],"ix":2},"a":{"a":0,"k":[0,0],"ix":1},"s":{"a":0,"k":[100,100],"ix":3},"r":{"a":0,"k":0,"ix":6},"o":{"a":0,"k":100,"ix":7},"sk":{"a":0,"k":0,"ix":4},"sa":{"a":0,"k":0,"ix":5},"nm":"Transformar"}],"nm":"Grupo 1","np":0,"cix":2,"ix":2,"mn":"ADBE Vector Group","hd":false},{"ty":"mm","mm":4,"nm":"Combinar trazados 1","mn":"ADBE Vector Filter - Merge","hd":false},{"ty":"fl","c":{"a":0,"k":[0.830999995213,0.885999971278,0.976000019148,1],"ix":4},"o":{"a":0,"k":100,"ix":5},"r":1,"nm":"Relleno 1","mn":"ADBE Vector Graphic - Fill","hd":false},{"ty":"tr","p":{"a":0,"k":[35.804,58.765],"ix":2},"a":{"a":0,"k":[0,0],"ix":1},"s":{"a":0,"k":[100,100],"ix":3},"r":{"a":0,"k":0,"ix":6},"o":{"a":0,"k":100,"ix":7},"sk":{"a":0,"k":0,"ix":4},"sa":{"a":0,"k":0,"ix":5},"nm":"Transformar"}],"nm":"Grupo 2","np":4,"cix":2,"ix":3,"mn":"ADBE Vector Group","hd":false},{"ty":"gr","it":[{"ind":0,"ty":"sh","ix":1,"ks":{"a":0,"k":{"i":[[0,0],[-13,1]],"o":[[0,0],[0,0]],"v":[[-16,1.5],[16,-1.5]],"c":false},"ix":2},"nm":"Trazado 1","mn":"ADBE Vector Shape - Group","hd":false},{"ty":"st","c":{"a":0,"k":[0.270999983245,0.438999998803,1,1],"ix":3},"o":{"a":0,"k":100,"ix":4},"w":{"a":0,"k":4,"ix":5},"lc":2,"lj":2,"nm":"Trazo 1","mn":"ADBE Vector Graphic - Stroke","hd":false},{"ty":"tr","p":{"a":0,"k":[289.436,45.921],"ix":2},"a":{"a":0,"k":[0,0],"ix":1},"s":{"a":0,"k":[100,100],"ix":3},"r":{"a":0,"k":0,"ix":6},"o":{"a":0,"k":100,"ix":7},"sk":{"a":0,"k":0,"ix":4},"sa":{"a":0,"k":0,"ix":5},"nm":"Transformar"}],"nm":"Grupo 3","np":2,"cix":2,"ix":4,"mn":"ADBE Vector Group","hd":false},{"ty":"gr","it":[{"ind":0,"ty":"sh","ix":1,"ks":{"a":0,"k":{"i":[[0,0],[-13,1]],"o":[[0,0],[0,0]],"v":[[-16,1.5],[16,-1.5]],"c":false},"ix":2},"nm":"Trazado 1","mn":"ADBE Vector Shape - Group","hd":false},{"ty":"gr","it":[{"ty":"tr","p":{"a":0,"k":[0,0],"ix":2},"a":{"a":0,"k":[0,0],"ix":1},"s":{"a":0,"k":[100,100],"ix":3},"r":{"a":0,"k":0,"ix":6},"o":{"a":0,"k":100,"ix":7},"sk":{"a":0,"k":0,"ix":4},"sa":{"a":0,"k":0,"ix":5},"nm":"Transformar"}],"nm":"Grupo 1","np":0,"cix":2,"ix":2,"mn":"ADBE Vector Group","hd":false},{"ty":"mm","mm":4,"nm":"Combinar trazados 1","mn":"ADBE Vector Filter - Merge","hd":false},{"ty":"fl","c":{"a":0,"k":[0.830999995213,0.885999971278,0.976000019148,1],"ix":4},"o":{"a":0,"k":100,"ix":5},"r":1,"nm":"Relleno 1","mn":"ADBE Vector Graphic - Fill","hd":false},{"ty":"tr","p":{"a":0,"k":[289.436,45.921],"ix":2},"a":{"a":0,"k":[0,0],"ix":1},"s":{"a":0,"k":[100,100],"ix":3},"r":{"a":0,"k":0,"ix":6},"o":{"a":0,"k":100,"ix":7},"sk":{"a":0,"k":0,"ix":4},"sa":{"a":0,"k":0,"ix":5},"nm":"Transformar"}],"nm":"Grupo 4","np":4,"cix":2,"ix":5,"mn":"ADBE Vector Group","hd":false},{"ty":"gr","it":[{"ind":0,"ty":"sh","ix":1,"ks":{"a":0,"k":{"i":[[0,0],[-15,0],[0,0]],"o":[[7,-11],[15,0],[0,0]],"v":[[-37.5,5.5],[-0.5,0.5],[37.5,-1.5]],"c":false},"ix":2},"nm":"Trazado 1","mn":"ADBE Vector Shape - Group","hd":false},{"ty":"st","c":{"a":0,"k":[0.270999983245,0.438999998803,1,1],"ix":3},"o":{"a":0,"k":100,"ix":4},"w":{"a":0,"k":4,"ix":5},"lc":2,"lj":2,"nm":"Trazo 1","mn":"ADBE Vector Graphic - Stroke","hd":false},{"ty":"tr","p":{"a":0,"k":[305.936,33.921],"ix":2},"a":{"a":0,"k":[0,0],"ix":1},"s":{"a":0,"k":[100,100],"ix":3},"r":{"a":0,"k":0,"ix":6},"o":{"a":0,"k":100,"ix":7},"sk":{"a":0,"k":0,"ix":4},"sa":{"a":0,"k":0,"ix":5},"nm":"Transformar"}],"nm":"Grupo 5","np":2,"cix":2,"ix":6,"mn":"ADBE Vector Group","hd":false},{"ty":"gr","it":[{"ind":0,"ty":"sh","ix":1,"ks":{"a":0,"k":{"i":[[0,0],[-15,0],[0,0]],"o":[[7,-11],[15,0],[0,0]],"v":[[-37.5,5.5],[-0.5,0.5],[37.5,-1.5]],"c":false},"ix":2},"nm":"Trazado 1","mn":"ADBE Vector Shape - Group","hd":false},{"ty":"gr","it":[{"ty":"tr","p":{"a":0,"k":[0,0],"ix":2},"a":{"a":0,"k":[0,0],"ix":1},"s":{"a":0,"k":[100,100],"ix":3},"r":{"a":0,"k":0,"ix":6},"o":{"a":0,"k":100,"ix":7},"sk":{"a":0,"k":0,"ix":4},"sa":{"a":0,"k":0,"ix":5},"nm":"Transformar"}],"nm":"Grupo 1","np":0,"cix":2,"ix":2,"mn":"ADBE Vector Group","hd":false},{"ty":"mm","mm":4,"nm":"Combinar trazados 1","mn":"ADBE Vector Filter - Merge","hd":false},{"ty":"fl","c":{"a":0,"k":[0.830999995213,0.885999971278,0.976000019148,1],"ix":4},"o":{"a":0,"k":100,"ix":5},"r":1,"nm":"Relleno 1","mn":"ADBE Vector Graphic - Fill","hd":false},{"ty":"tr","p":{"a":0,"k":[305.936,33.921],"ix":2},"a":{"a":0,"k":[0,0],"ix":1},"s":{"a":0,"k":[100,100],"ix":3},"r":{"a":0,"k":0,"ix":6},"o":{"a":0,"k":100,"ix":7},"sk":{"a":0,"k":0,"ix":4},"sa":{"a":0,"k":0,"ix":5},"nm":"Transformar"}],"nm":"Grupo 6","np":4,"cix":2,"ix":7,"mn":"ADBE Vector Group","hd":false},{"ty":"gr","it":[{"ind":0,"ty":"sh","ix":1,"ks":{"a":0,"k":{"i":[[19.719,12],[-1.715,-10],[-7.716,7]],"o":[[-13.681,-8.326],[1.715,10],[7.716,-7]],"v":[[2.143,-17.837],[-20.147,1.163],[2.143,19.163]],"c":true},"ix":2},"nm":"Trazado 1","mn":"ADBE Vector Shape - Group","hd":false},{"ty":"st","c":{"a":0,"k":[0.270999983245,0.438999998803,1,1],"ix":3},"o":{"a":0,"k":100,"ix":4},"w":{"a":0,"k":4,"ix":5},"lc":2,"lj":2,"nm":"Trazo 1","mn":"ADBE Vector Graphic - Stroke","hd":false},{"ty":"tr","p":{"a":0,"k":[388.551,178.258],"ix":2},"a":{"a":0,"k":[0,0],"ix":1},"s":{"a":0,"k":[100,100],"ix":3},"r":{"a":0,"k":0,"ix":6},"o":{"a":0,"k":100,"ix":7},"sk":{"a":0,"k":0,"ix":4},"sa":{"a":0,"k":0,"ix":5},"nm":"Transformar"}],"nm":"Grupo 7","np":2,"cix":2,"ix":8,"mn":"ADBE Vector Group","hd":false},{"ty":"gr","it":[{"ind":0,"ty":"sh","ix":1,"ks":{"a":0,"k":{"i":[[19.719,12],[-1.715,-10],[-7.716,7]],"o":[[-13.681,-8.326],[1.715,10],[7.716,-7]],"v":[[2.143,-17.837],[-20.147,1.163],[2.143,19.163]],"c":true},"ix":2},"nm":"Trazado 1","mn":"ADBE Vector Shape - Group","hd":false},{"ty":"gr","it":[{"ty":"tr","p":{"a":0,"k":[0,0],"ix":2},"a":{"a":0,"k":[0,0],"ix":1},"s":{"a":0,"k":[100,100],"ix":3},"r":{"a":0,"k":0,"ix":6},"o":{"a":0,"k":100,"ix":7},"sk":{"a":0,"k":0,"ix":4},"sa":{"a":0,"k":0,"ix":5},"nm":"Transformar"}],"nm":"Grupo 1","np":0,"cix":2,"ix":2,"mn":"ADBE Vector Group","hd":false},{"ty":"mm","mm":4,"nm":"Combinar trazados 1","mn":"ADBE Vector Filter - Merge","hd":false},{"ty":"fl","c":{"a":0,"k":[0.830999995213,0.885999971278,0.976000019148,1],"ix":4},"o":{"a":0,"k":100,"ix":5},"r":1,"nm":"Relleno 1","mn":"ADBE Vector Graphic - Fill","hd":false},{"ty":"tr","p":{"a":0,"k":[388.551,178.258],"ix":2},"a":{"a":0,"k":[0,0],"ix":1},"s":{"a":0,"k":[100,100],"ix":3},"r":{"a":0,"k":0,"ix":6},"o":{"a":0,"k":100,"ix":7},"sk":{"a":0,"k":0,"ix":4},"sa":{"a":0,"k":0,"ix":5},"nm":"Transformar"}],"nm":"Grupo 8","np":4,"cix":2,"ix":9,"mn":"ADBE Vector Group","hd":false},{"ty":"gr","it":[{"ind":0,"ty":"sh","ix":1,"ks":{"a":0,"k":{"i":[[-0.928,1.289],[0.167,1.368],[1.098,1.102],[2.063,0.591],[0,0]],"o":[[0.928,-1.29],[-0.204,-1.662],[-1.1,-1.1],[0,0],[1.635,-0.924]],"v":[[12.481,15.626],[13.621,11.642],[11.665,7.496],[6.922,4.958],[8.637,18.946]],"c":true},"ix":2},"nm":"Trazado 1","mn":"ADBE Vector Shape - Group","hd":false},{"ind":1,"ty":"sh","ix":2,"ks":{"a":0,"k":{"i":[[-1.395,-1.063],[-2.524,-0.414],[0,0],[1.095,-1.401],[-0.219,-1.782]],"o":[[1.399,1.065],[0,0],[-2.378,0.775],[-1.094,1.4],[0.24,1.96]],"v":[[-11.278,-9.226],[-5.398,-7.007],[-7.212,-21.797],[-12.419,-18.536],[-13.733,-13.763]],"c":true},"ix":2},"nm":"Trazado 2","mn":"ADBE Vector Shape - Group","hd":false},{"ind":2,"ty":"sh","ix":3,"ks":{"a":0,"k":{"i":[[2.702,-3.526],[4.679,-1.659],[0,0],[0.91,-1.168],[1.544,-0.19],[1.137,0.914],[0.19,1.544],[0,0],[2.775,0.745],[2.756,1.832],[0.212,1.724],[-0.883,1.163],[-1.424,0.174],[-0.979,-0.603],[-1.769,-0.656],[-1.997,-0.056],[0,0],[1.194,9.742],[-2.936,3.586],[-5.199,1.361],[0,0],[-0.913,1.167],[-1.546,0.19],[-1.138,-0.915],[-0.188,-1.545],[0,0],[-3.609,-2.391],[-0.219,-1.782],[0.884,-1.163],[1.365,-0.167],[0.778,0.448],[3.396,0.668],[0,0],[-2.938,-2.322],[-0.626,-5.108]],"o":[[-2.703,3.528],[0,0],[0.189,1.544],[-0.914,1.165],[-1.485,0.182],[-1.139,-0.917],[0,0],[-3.244,0.096],[-2.774,-0.745],[-1.779,-1.23],[-0.167,-1.366],[0.882,-1.162],[1.128,-0.139],[2.022,1.26],[1.769,0.658],[0,0],[-12.208,-0.733],[-0.604,-4.93],[2.937,-3.585],[0,0],[-0.189,-1.545],[0.911,-1.166],[1.484,-0.182],[1.138,0.916],[0,0],[5.157,0.272],[1.89,1.156],[0.168,1.367],[-0.883,1.163],[-0.891,0.11],[-1.965,-1.265],[0,0],[5.929,0.661],[2.939,2.324],[0.561,4.574]],"v":[[21.023,21.859],[9.949,29.638],[10.627,35.162],[9.543,39.23],[5.857,41.264],[1.924,40.164],[-0.067,36.473],[-0.678,31.484],[-9.706,30.511],[-18.002,26.645],[-20.988,22.217],[-19.915,18.423],[-16.454,16.416],[-13.292,17.113],[-7.604,19.988],[-1.957,21.059],[-4.087,3.685],[-24.192,-12.028],[-20.694,-24.802],[-8.491,-32.222],[-8.851,-35.162],[-7.766,-39.229],[-4.081,-41.264],[-0.149,-40.164],[1.841,-36.473],[2.246,-33.177],[15.397,-29.182],[18.56,-24.777],[17.487,-20.982],[14.115,-18.987],[11.612,-19.494],[3.568,-22.395],[5.589,-5.913],[18.889,-1.439],[24.235,9.708]],"c":true},"ix":2},"nm":"Trazado 3","mn":"ADBE Vector Shape - Group","hd":false},{"ty":"mm","mm":1,"nm":"Combinar trazados 1","mn":"ADBE Vector Filter - Merge","hd":false},{"ty":"gr","it":[{"ty":"tr","p":{"a":0,"k":[0,0],"ix":2},"a":{"a":0,"k":[0,0],"ix":1},"s":{"a":0,"k":[100,100],"ix":3},"r":{"a":0,"k":0,"ix":6},"o":{"a":0,"k":100,"ix":7},"sk":{"a":0,"k":0,"ix":4},"sa":{"a":0,"k":0,"ix":5},"nm":"Transformar"}],"nm":"Grupo 1","np":0,"cix":2,"ix":5,"mn":"ADBE Vector Group","hd":false},{"ty":"mm","mm":4,"nm":"Combinar trazados 2","mn":"ADBE Vector Filter - Merge","hd":false},{"ty":"fl","c":{"a":0,"k":[0.270999983245,0.438999998803,1,1],"ix":4},"o":{"a":0,"k":100,"ix":5},"r":1,"nm":"Relleno 1","mn":"ADBE Vector Graphic - Fill","hd":false},{"ty":"tr","p":{"a":0,"k":[217.973,109.944],"ix":2},"a":{"a":0,"k":[0,0],"ix":1},"s":{"a":0,"k":[100,100],"ix":3},"r":{"a":0,"k":0,"ix":6},"o":{"a":0,"k":100,"ix":7},"sk":{"a":0,"k":0,"ix":4},"sa":{"a":0,"k":0,"ix":5},"nm":"Transformar"}],"nm":"Grupo 9","np":7,"cix":2,"ix":10,"mn":"ADBE Vector Group","hd":false},{"ty":"gr","it":[{"ind":0,"ty":"sh","ix":1,"ks":{"a":0,"k":{"i":[[35.652,0],[2.277,-0.117],[31.03,-3.412],[-0.9,-3.84],[-5.553,-24.43],[-1.797,-27.158],[-3.381,0],[-0.456,0.095],[-46.016,2.654],[-4.287,0],[-27.126,-1.639],[-0.135,0],[0.189,3.773],[4.702,33.588],[7.063,41.029],[3.143,0],[0.409,-0.075],[12.171,0]],"o":[[-3.022,0],[-33.85,1.736],[-3.921,0.431],[1.647,7.027],[8.398,36.953],[0.233,3.524],[0.447,0],[31.624,-6.565],[3.481,-0.201],[51.069,0],[0.136,0.007],[3.723,0],[-0.506,-10.137],[-6.614,-47.241],[-0.553,-3.209],[-0.402,0],[-6.382,1.179],[-48.5,0]],"v":[[-12.896,-119.074],[-20.878,-118.902],[-207.488,-91.718],[-213.163,-83.691],[-202.877,-38.902],[-186.4,112.943],[-179.847,119.074],[-178.49,118.934],[14.122,87.098],[25.81,86.803],[206.913,101.654],[207.32,101.665],[213.874,94.775],[207.122,30.098],[191.403,-107.912],[184.916,-113.354],[183.697,-113.242],[155.208,-111.591]],"c":true},"ix":2},"nm":"Trazado 1","mn":"ADBE Vector Shape - Group","hd":false},{"ind":1,"ty":"sh","ix":2,"ks":{"a":0,"k":{"i":[[-3.036,0],[-28.522,-1.7],[-26.201,0],[-6.193,1.144],[-0.224,0],[-0.294,-1.709],[-2.464,-26.182],[-2.995,-21.394],[-0.474,-9.502],[0.678,-0.713],[0.984,0],[0.075,0.004],[20.388,2.12],[34.853,0],[3.437,-0.198],[1.385,-0.288],[0.248,0],[0.124,1.868],[8.465,37.248],[1.598,6.817],[-0.597,0.845],[-1.029,0.114],[-30.081,4.845],[-20.312,1.041]],"o":[[16.368,0],[32.845,1.957],[13.344,0],[0.222,-0.041],[1.751,0],[3.855,22.393],[1.998,21.247],[4.746,33.905],[0.049,0.983],[-0.682,0.717],[-0.074,0],[-8.633,-0.521],[-42.755,-4.447],[-4.432,0],[-53.073,3.061],[-0.248,0.051],[-1.872,0],[-1.74,-26.313],[-5.61,-24.685],[-0.237,-1.01],[0.597,-0.843],[12.336,-1.357],[45.807,-7.379],[2.158,-0.111]],"v":[[-12.896,-116.074],[58.935,-112.767],[155.207,-108.591],[184.241,-110.291],[184.915,-110.354],[188.445,-107.403],[197.09,-34.098],[204.152,30.514],[210.877,94.923],[209.903,97.553],[207.319,98.665],[207.094,98.658],[161.971,94.341],[25.81,83.803],[13.949,84.102],[-179.099,115.997],[-179.847,116.074],[-183.407,112.743],[-199.952,-39.568],[-210.242,-84.376],[-209.683,-87.253],[-207.161,-88.736],[-138.764,-99.122],[-20.724,-115.906]],"c":true},"ix":2},"nm":"Trazado 2","mn":"ADBE Vector Shape - Group","hd":false},{"ty":"mm","mm":1,"nm":"Combinar trazados 1","mn":"ADBE Vector Filter - Merge","hd":false},{"ty":"gr","it":[{"ty":"tr","p":{"a":0,"k":[0,0],"ix":2},"a":{"a":0,"k":[0,0],"ix":1},"s":{"a":0,"k":[100,100],"ix":3},"r":{"a":0,"k":0,"ix":6},"o":{"a":0,"k":100,"ix":7},"sk":{"a":0,"k":0,"ix":4},"sa":{"a":0,"k":0,"ix":5},"nm":"Transformar"}],"nm":"Grupo 1","np":0,"cix":2,"ix":4,"mn":"ADBE Vector Group","hd":false},{"ty":"mm","mm":4,"nm":"Combinar trazados 2","mn":"ADBE Vector Filter - Merge","hd":false},{"ty":"fl","c":{"a":0,"k":[0.270999983245,0.438999998803,1,1],"ix":4},"o":{"a":0,"k":100,"ix":5},"r":1,"nm":"Relleno 1","mn":"ADBE Vector Graphic - Fill","hd":false},{"ty":"tr","p":{"a":0,"k":[214.314,119.324],"ix":2},"a":{"a":0,"k":[0,0],"ix":1},"s":{"a":0,"k":[100,100],"ix":3},"r":{"a":0,"k":0,"ix":6},"o":{"a":0,"k":100,"ix":7},"sk":{"a":0,"k":0,"ix":4},"sa":{"a":0,"k":0,"ix":5},"nm":"Transformar"}],"nm":"Grupo 10","np":6,"cix":2,"ix":11,"mn":"ADBE Vector Group","hd":false},{"ty":"gr","it":[{"ind":0,"ty":"sh","ix":1,"ks":{"a":0,"k":{"i":[[0.35,0],[0.176,2.653],[8.441,37.143],[1.599,6.828],[-0.835,1.182],[-1.442,0.158],[-30.062,4.843],[-20.394,1.045],[-3.061,0],[-28.545,-1.702],[-26.157,0],[-6.101,1.127],[-0.315,0],[-0.418,-2.431],[-2.466,-26.209],[-2.991,-21.362],[-0.476,-9.52],[0.964,-1.013],[1.399,-0.001],[0.105,0.006],[20.406,2.122],[34.774,0],[3.408,-0.197],[38.489,-7.99]],"o":[[-2.66,0],[-1.739,-26.286],[-5.605,-24.656],[-0.333,-1.413],[0.836,-1.183],[12.299,-1.352],[45.844,-7.384],[2.183,-0.112],[16.413,0],[32.823,1.956],[13.252,0],[0.314,-0.058],[2.484,0],[3.864,22.448],[1.997,21.233],[4.757,33.98],[0.07,1.398],[-0.968,1.017],[-0.104,0],[-8.665,-0.523],[-42.723,-4.445],[-4.403,0],[-44.668,2.577],[-0.349,0.072]],"v":[[-180.052,117.574],[-185.109,112.842],[-201.62,-39.236],[-211.907,-84.035],[-211.114,-88.118],[-207.53,-90.228],[-139.207,-100.605],[-21.006,-117.405],[-13.102,-117.574],[58.818,-114.266],[155.001,-110.093],[183.763,-111.767],[184.709,-111.855],[189.719,-107.659],[198.378,-34.247],[205.43,30.304],[212.17,94.848],[210.784,98.586],[207.113,100.165],[206.799,100.155],[161.609,95.833],[25.602,85.303],[13.831,85.599],[-179,117.465]],"c":true},"ix":2},"nm":"Trazado 1","mn":"ADBE Vector Shape - Group","hd":false},{"ty":"gr","it":[{"ty":"tr","p":{"a":0,"k":[0,0],"ix":2},"a":{"a":0,"k":[0,0],"ix":1},"s":{"a":0,"k":[100,100],"ix":3},"r":{"a":0,"k":0,"ix":6},"o":{"a":0,"k":100,"ix":7},"sk":{"a":0,"k":0,"ix":4},"sa":{"a":0,"k":0,"ix":5},"nm":"Transformar"}],"nm":"Grupo 1","np":0,"cix":2,"ix":2,"mn":"ADBE Vector Group","hd":false},{"ty":"mm","mm":4,"nm":"Combinar trazados 1","mn":"ADBE Vector Filter - Merge","hd":false},{"ty":"fl","c":{"a":0,"k":[0.830999995213,0.885999971278,0.976000019148,1],"ix":4},"o":{"a":0,"k":100,"ix":5},"r":1,"nm":"Relleno 1","mn":"ADBE Vector Graphic - Fill","hd":false},{"ty":"tr","p":{"a":0,"k":[214.519,119.324],"ix":2},"a":{"a":0,"k":[0,0],"ix":1},"s":{"a":0,"k":[100,100],"ix":3},"r":{"a":0,"k":0,"ix":6},"o":{"a":0,"k":100,"ix":7},"sk":{"a":0,"k":0,"ix":4},"sa":{"a":0,"k":0,"ix":5},"nm":"Transformar"}],"nm":"Grupo 11","np":4,"cix":2,"ix":12,"mn":"ADBE Vector Group","hd":false},{"ty":"gr","it":[{"ind":0,"ty":"sh","ix":1,"ks":{"a":0,"k":{"i":[[0,0],[-10,2],[-48,-3],[-95,9],[0,0]],"o":[[-13.508,4.216],[10,-2],[48,3],[-25,-18],[0,0]],"v":[[-171.242,15.284],[-187.75,28.5],[-11.75,10.5],[197.75,12],[74.25,-30.5]],"c":true},"ix":2},"nm":"Trazado 1","mn":"ADBE Vector Shape - Group","hd":false},{"ty":"gr","it":[{"ty":"tr","p":{"a":0,"k":[0,0],"ix":2},"a":{"a":0,"k":[0,0],"ix":1},"s":{"a":0,"k":[100,100],"ix":3},"r":{"a":0,"k":0,"ix":6},"o":{"a":0,"k":100,"ix":7},"sk":{"a":0,"k":0,"ix":4},"sa":{"a":0,"k":0,"ix":5},"nm":"Transformar"}],"nm":"Grupo 1","np":0,"cix":2,"ix":2,"mn":"ADBE Vector Group","hd":false},{"ty":"mm","mm":4,"nm":"Combinar trazados 1","mn":"ADBE Vector Filter - Merge","hd":false},{"ty":"fl","c":{"a":0,"k":[0.626999978458,0.705999995213,0.847000002394,1],"ix":4},"o":{"a":0,"k":100,"ix":5},"r":1,"nm":"Relleno 1","mn":"ADBE Vector Graphic - Fill","hd":false},{"ty":"tr","p":{"a":0,"k":[223.685,209.421],"ix":2},"a":{"a":0,"k":[0,0],"ix":1},"s":{"a":0,"k":[100,100],"ix":3},"r":{"a":0,"k":0,"ix":6},"o":{"a":0,"k":100,"ix":7},"sk":{"a":0,"k":0,"ix":4},"sa":{"a":0,"k":0,"ix":5},"nm":"Transformar"}],"nm":"Grupo 12","np":4,"cix":2,"ix":13,"mn":"ADBE Vector Group","hd":false}],"ip":0,"op":123.000005009893,"st":0,"bm":0}]}