{"v":"4.13.0","fr":29.9700012207031,"ip":0,"op":119.000004846969,"w":800,"h":341,"nm":"onboarding -marca","ddd":0,"comps":[],"layers":[{"ddd":0,"ind":1,"ty":4,"nm":"marca contornos","sr":1,"ks":{"o":{"a":1,"k":[{"i":{"x":[0.833],"y":[0.833]},"o":{"x":[0.167],"y":[0.167]},"n":["0p833_0p833_0p167_0p167"],"t":1,"s":[0],"e":[100]},{"i":{"x":[0.833],"y":[0.833]},"o":{"x":[0.167],"y":[0.167]},"n":["0p833_0p833_0p167_0p167"],"t":16,"s":[100],"e":[100]},{"i":{"x":[0.833],"y":[0.833]},"o":{"x":[0.167],"y":[0.167]},"n":["0p833_0p833_0p167_0p167"],"t":77,"s":[100],"e":[0]},{"t":86.0000035028518}],"ix":11},"r":{"a":0,"k":0,"ix":10},"p":{"a":0,"k":[224.296,167.187,0],"ix":2},"a":{"a":0,"k":[96.721,38.773,0],"ix":1},"s":{"a":1,"k":[{"i":{"x":[0.114,0.114,0.667],"y":[1.014,1.014,1]},"o":{"x":[1,1,0.333],"y":[-0.047,-0.047,0]},"n":["0p114_1p014_1_-0p047","0p114_1p014_1_-0p047","0p667_1_0p333_0"],"t":16,"s":[0,0,100],"e":[120.512,120.512,100]},{"i":{"x":[0.667,0.667,0.667],"y":[1,1,1]},"o":{"x":[0.752,0.752,0.333],"y":[0.081,0.081,0]},"n":["0p667_1_0p752_0p081","0p667_1_0p752_0p081","0p667_1_0p333_0"],"t":31,"s":[120.512,120.512,100],"e":[75.887,75.887,100]},{"i":{"x":[0.345,0.345,0.667],"y":[1.241,1.241,1]},"o":{"x":[0.333,0.333,0.333],"y":[0,0,0]},"n":["0p345_1p241_0p333_0","0p345_1p241_0p333_0","0p667_1_0p333_0"],"t":39,"s":[75.887,75.887,100],"e":[100,100,100]},{"t":52.0000021180034}],"ix":6}},"ao":0,"shapes":[{"ty":"gr","it":[{"ind":0,"ty":"sh","ix":1,"ks":{"a":0,"k":{"i":[[-3.099,2.921],[0,0],[0,0],[-5.036,0],[-3.874,-1.826],[0,0],[0,0],[-2.712,0],[-2.324,1.46],[-0.387,0],[-2.712,0],[0,-5.112],[0.776,-1.461],[0,0],[6.199,0],[3.486,3.286],[0,0],[3.487,0],[2.324,-2.191],[0,0],[4.649,0],[0,8.399]],"o":[[0,0],[0,0],[3.1,-3.651],[3.875,0],[0,0],[0,0],[2.325,1.46],[2.712,0],[10.849,-6.938],[2.713,-1.826],[5.424,0],[0,1.826],[-0.387,0.73],[-3.487,4.382],[-5.037,0],[0,0],[-2.324,-2.191],[-3.486,0],[0,0],[-3.1,2.921],[-8.911,0],[-0.386,-3.651]],"v":[[-91.824,12.962],[-91.436,12.598],[-43.781,-32.682],[-31.384,-38.523],[-22.085,-35.602],[18.985,-7.85],[19.371,-7.85],[27.507,-5.294],[35.257,-7.486],[78.65,-35.602],[86.785,-38.523],[96.471,-29.395],[94.921,-24.283],[42.617,31.219],[27.12,38.523],[13.561,33.411],[-19.373,6.389],[-28.284,3.104],[-37.582,6.389],[-68.19,33.775],[-79.813,38.523],[-96.086,23.187]],"c":true},"ix":2},"nm":"Trazado 1","mn":"ADBE Vector Shape - Group","hd":false},{"ty":"fl","c":{"a":0,"k":[0.270999983245,0.438999998803,1,1],"ix":4},"o":{"a":0,"k":100,"ix":5},"r":1,"nm":"Relleno 1","mn":"ADBE Vector Graphic - Fill","hd":false},{"ty":"tr","p":{"a":0,"k":[96.721,38.773],"ix":2},"a":{"a":0,"k":[0,0],"ix":1},"s":{"a":0,"k":[100,100],"ix":3},"r":{"a":0,"k":0,"ix":6},"o":{"a":0,"k":100,"ix":7},"sk":{"a":0,"k":0,"ix":4},"sa":{"a":0,"k":0,"ix":5},"nm":"Transformar"}],"nm":"Grupo 1","np":2,"cix":2,"ix":1,"mn":"ADBE Vector Group","hd":false}],"ip":0,"op":120.0000048877,"st":0,"bm":0},{"ddd":0,"ind":2,"ty":4,"nm":"l contornos","sr":1,"ks":{"o":{"a":1,"k":[{"i":{"x":[0.833],"y":[0.833]},"o":{"x":[0.167],"y":[0.167]},"n":["0p833_0p833_0p167_0p167"],"t":31,"s":[0],"e":[100]},{"i":{"x":[0.833],"y":[0.833]},"o":{"x":[0.167],"y":[0.167]},"n":["0p833_0p833_0p167_0p167"],"t":35,"s":[100],"e":[100]},{"i":{"x":[0.833],"y":[0.833]},"o":{"x":[0.167],"y":[0.167]},"n":["0p833_0p833_0p167_0p167"],"t":77,"s":[100],"e":[0]},{"t":86.0000035028518}],"ix":11},"r":{"a":0,"k":0,"ix":10},"p":{"a":0,"k":[651.076,164.278,0],"ix":2},"a":{"a":0,"k":[8.174,39.371,0],"ix":1},"s":{"a":0,"k":[100,100,100],"ix":6}},"ao":0,"shapes":[{"ty":"gr","it":[{"ind":0,"ty":"sh","ix":1,"ks":{"a":0,"k":{"i":[[0,-1.702],[0,0],[-1.702,0],[0,0],[0,1.702],[0,0],[1.702,0],[0,0]],"o":[[0,0],[0,1.702],[0,0],[1.702,0],[0,0],[0,-1.702],[0,0],[-1.702,0]],"v":[[-7.924,-36.039],[-7.924,36.039],[-4.842,39.121],[4.842,39.121],[7.924,36.039],[7.924,-36.039],[4.842,-39.121],[-4.842,-39.121]],"c":true},"ix":2},"nm":"Trazado 1","mn":"ADBE Vector Shape - Group","hd":false},{"ty":"fl","c":{"a":0,"k":[0.270999983245,0.438999998803,1,1],"ix":4},"o":{"a":0,"k":100,"ix":5},"r":1,"nm":"Relleno 1","mn":"ADBE Vector Graphic - Fill","hd":false},{"ty":"tr","p":{"a":0,"k":[8.174,39.371],"ix":2},"a":{"a":0,"k":[0,0],"ix":1},"s":{"a":0,"k":[100,100],"ix":3},"r":{"a":0,"k":0,"ix":6},"o":{"a":0,"k":100,"ix":7},"sk":{"a":0,"k":0,"ix":4},"sa":{"a":0,"k":0,"ix":5},"nm":"Transformar"}],"nm":"Grupo 1","np":2,"cix":2,"ix":1,"mn":"ADBE Vector Group","hd":false}],"ip":31.0000012626559,"op":131.000005335739,"st":-9.00000036657752,"bm":0},{"ddd":0,"ind":3,"ty":4,"nm":"l contornos","sr":1,"ks":{"o":{"a":1,"k":[{"i":{"x":[0.833],"y":[0.833]},"o":{"x":[0.167],"y":[0.167]},"n":["0p833_0p833_0p167_0p167"],"t":29,"s":[0],"e":[100]},{"i":{"x":[0.833],"y":[0.833]},"o":{"x":[0.167],"y":[0.167]},"n":["0p833_0p833_0p167_0p167"],"t":33,"s":[100],"e":[100]},{"i":{"x":[0.833],"y":[0.833]},"o":{"x":[0.167],"y":[0.167]},"n":["0p833_0p833_0p167_0p167"],"t":77,"s":[100],"e":[0]},{"t":86.0000035028518}],"ix":11},"r":{"a":0,"k":0,"ix":10},"p":{"a":0,"k":[624.158,164.277,0],"ix":2},"a":{"a":0,"k":[8.174,39.371,0],"ix":1},"s":{"a":0,"k":[100,100,100],"ix":6}},"ao":0,"shapes":[{"ty":"gr","it":[{"ind":0,"ty":"sh","ix":1,"ks":{"a":0,"k":{"i":[[-1.701,0],[0,0],[0,1.702],[0,0],[1.702,0],[0,0],[0,-1.702],[0,0]],"o":[[0,0],[1.702,0],[0,0],[0,-1.702],[0,0],[-1.701,0],[0,0],[0,1.702]],"v":[[-4.843,39.121],[4.842,39.121],[7.924,36.039],[7.924,-36.039],[4.842,-39.121],[-4.843,-39.121],[-7.924,-36.039],[-7.924,36.039]],"c":true},"ix":2},"nm":"Trazado 1","mn":"ADBE Vector Shape - Group","hd":false},{"ty":"fl","c":{"a":0,"k":[0.270999983245,0.438999998803,1,1],"ix":4},"o":{"a":0,"k":100,"ix":5},"r":1,"nm":"Relleno 1","mn":"ADBE Vector Graphic - Fill","hd":false},{"ty":"tr","p":{"a":0,"k":[8.174,39.371],"ix":2},"a":{"a":0,"k":[0,0],"ix":1},"s":{"a":0,"k":[100,100],"ix":3},"r":{"a":0,"k":0,"ix":6},"o":{"a":0,"k":100,"ix":7},"sk":{"a":0,"k":0,"ix":4},"sa":{"a":0,"k":0,"ix":5},"nm":"Transformar"}],"nm":"Grupo 1","np":2,"cix":2,"ix":1,"mn":"ADBE Vector Group","hd":false}],"ip":29.0000011811942,"op":131.000005335739,"st":-5.00000020365417,"bm":0},{"ddd":0,"ind":4,"ty":4,"nm":"i contornos","sr":1,"ks":{"o":{"a":1,"k":[{"i":{"x":[0.833],"y":[0.833]},"o":{"x":[0.167],"y":[0.167]},"n":["0p833_0p833_0p167_0p167"],"t":27,"s":[0],"e":[100]},{"i":{"x":[0.833],"y":[0.833]},"o":{"x":[0.167],"y":[0.167]},"n":["0p833_0p833_0p167_0p167"],"t":31,"s":[100],"e":[100]},{"i":{"x":[0.833],"y":[0.833]},"o":{"x":[0.167],"y":[0.167]},"n":["0p833_0p833_0p167_0p167"],"t":77,"s":[100],"e":[0]},{"t":86.0000035028518}],"ix":11},"r":{"a":0,"k":0,"ix":10},"p":{"a":0,"k":[597.4,162.949,0],"ix":2},"a":{"a":0,"k":[8.717,40.699,0],"ix":1},"s":{"a":0,"k":[100,100,100],"ix":6}},"ao":0,"shapes":[{"ty":"gr","it":[{"ind":0,"ty":"sh","ix":1,"ks":{"a":0,"k":{"i":[[4.776,0],[0,-4.609],[-4.776,0],[0,4.554]],"o":[[-4.776,0],[0,4.554],[4.776,0],[0,-4.609]],"v":[[0,-8.188],[-8.467,0.001],[0,8.188],[8.467,0.001]],"c":true},"ix":2},"nm":"Trazado 1","mn":"ADBE Vector Shape - Group","hd":false},{"ty":"fl","c":{"a":0,"k":[0.270999983245,0.438999998803,1,1],"ix":4},"o":{"a":0,"k":100,"ix":5},"r":1,"nm":"Relleno 1","mn":"ADBE Vector Graphic - Fill","hd":false},{"ty":"tr","p":{"a":0,"k":[8.717,8.438],"ix":2},"a":{"a":0,"k":[0,0],"ix":1},"s":{"a":0,"k":[100,100],"ix":3},"r":{"a":0,"k":0,"ix":6},"o":{"a":0,"k":100,"ix":7},"sk":{"a":0,"k":0,"ix":4},"sa":{"a":0,"k":0,"ix":5},"nm":"Transformar"}],"nm":"Grupo 1","np":2,"cix":2,"ix":1,"mn":"ADBE Vector Group","hd":false},{"ty":"gr","it":[{"ind":0,"ty":"sh","ix":1,"ks":{"a":0,"k":{"i":[[-1.702,0],[0,0],[0,1.702],[0,0],[1.702,0],[0,0],[0,-1.703],[0,0]],"o":[[0,0],[1.702,0],[0,0],[0,-1.703],[0,0],[-1.702,0],[0,0],[0,1.702]],"v":[[-4.842,29.062],[4.842,29.062],[7.924,25.981],[7.924,-25.98],[4.842,-29.062],[-4.842,-29.062],[-7.924,-25.98],[-7.924,25.981]],"c":true},"ix":2},"nm":"Trazado 1","mn":"ADBE Vector Shape - Group","hd":false},{"ty":"fl","c":{"a":0,"k":[0.270999983245,0.438999998803,1,1],"ix":4},"o":{"a":0,"k":100,"ix":5},"r":1,"nm":"Relleno 1","mn":"ADBE Vector Graphic - Fill","hd":false},{"ty":"tr","p":{"a":0,"k":[8.717,52.086],"ix":2},"a":{"a":0,"k":[0,0],"ix":1},"s":{"a":0,"k":[100,100],"ix":3},"r":{"a":0,"k":0,"ix":6},"o":{"a":0,"k":100,"ix":7},"sk":{"a":0,"k":0,"ix":4},"sa":{"a":0,"k":0,"ix":5},"nm":"Transformar"}],"nm":"Grupo 2","np":2,"cix":2,"ix":2,"mn":"ADBE Vector Group","hd":false}],"ip":27.0000010997325,"op":132.00000537647,"st":-1.00000004073083,"bm":0},{"ddd":0,"ind":5,"ty":4,"nm":"b contornos","sr":1,"ks":{"o":{"a":1,"k":[{"i":{"x":[0.833],"y":[0.833]},"o":{"x":[0.167],"y":[0.167]},"n":["0p833_0p833_0p167_0p167"],"t":24,"s":[0],"e":[100]},{"i":{"x":[0.833],"y":[0.833]},"o":{"x":[0.167],"y":[0.167]},"n":["0p833_0p833_0p167_0p167"],"t":28,"s":[100],"e":[100]},{"i":{"x":[0.833],"y":[0.833]},"o":{"x":[0.167],"y":[0.167]},"n":["0p833_0p833_0p167_0p167"],"t":77,"s":[100],"e":[0]},{"t":86.0000035028518}],"ix":11},"r":{"a":0,"k":0,"ix":10},"p":{"a":0,"k":[550.346,164.278,0],"ix":2},"a":{"a":0,"k":[31.132,39.371,0],"ix":1},"s":{"a":0,"k":[100,100,100],"ix":6}},"ao":0,"shapes":[{"ty":"gr","it":[{"ind":0,"ty":"sh","ix":1,"ks":{"a":0,"k":{"i":[[9.443,0],[0,0],[0,0.851],[0,0],[-0.852,0],[0,0],[0,-7.32]],"o":[[0,0],[-0.852,0],[0,0],[0,-0.851],[0,0],[9.661,0],[0,7.482]],"v":[[-0.38,26.921],[-12.949,26.921],[-14.491,25.38],[-14.491,5.743],[-12.949,4.202],[-0.76,4.202],[14.165,15.426]],"c":true},"ix":2},"nm":"Trazado 1","mn":"ADBE Vector Shape - Group","hd":false},{"ind":1,"ty":"sh","ix":2,"ks":{"a":0,"k":{"i":[[0,0],[-0.852,0],[0,0],[0,-6.29],[8.738,0],[0,0],[0,0.851]],"o":[[0,-0.851],[0,0],[7.652,0],[0,6.615],[0,0],[-0.852,0],[0,0]],"v":[[-14.491,-25.38],[-12.949,-26.921],[-1.031,-26.921],[11.017,-17.053],[-2.715,-6.588],[-12.949,-6.588],[-14.491,-8.129]],"c":true},"ix":2},"nm":"Trazado 2","mn":"ADBE Vector Shape - Group","hd":false},{"ind":2,"ty":"sh","ix":3,"ks":{"a":0,"k":{"i":[[10.637,0.813],[0,0],[0,8.567],[14.708,0],[0,0],[0,-1.702],[0,0],[-1.702,0],[0,0],[0,13.773]],"o":[[0,0],[8.303,-1.247],[0,-11.983],[0,0],[-1.702,0],[0,0],[0,1.702],[0,0],[16.716,0],[0,-10.356]],"v":[[12.428,-2.196],[12.428,-2.63],[27.137,-19.601],[3.202,-39.121],[-27.799,-39.121],[-30.882,-36.039],[-30.882,36.039],[-27.799,39.121],[3.8,39.121],[30.882,16.727]],"c":true},"ix":2},"nm":"Trazado 3","mn":"ADBE Vector Shape - Group","hd":false},{"ty":"mm","mm":1,"nm":"Combinar trazados 1","mn":"ADBE Vector Filter - Merge","hd":false},{"ty":"fl","c":{"a":0,"k":[0.270999983245,0.438999998803,1,1],"ix":4},"o":{"a":0,"k":100,"ix":5},"r":1,"nm":"Relleno 1","mn":"ADBE Vector Graphic - Fill","hd":false},{"ty":"tr","p":{"a":0,"k":[31.131,39.371],"ix":2},"a":{"a":0,"k":[0,0],"ix":1},"s":{"a":0,"k":[100,100],"ix":3},"r":{"a":0,"k":0,"ix":6},"o":{"a":0,"k":100,"ix":7},"sk":{"a":0,"k":0,"ix":4},"sa":{"a":0,"k":0,"ix":5},"nm":"Transformar"}],"nm":"Grupo 1","np":5,"cix":2,"ix":1,"mn":"ADBE Vector Group","hd":false}],"ip":24.00000097754,"op":131.000005335739,"st":2.00000008146167,"bm":0},{"ddd":0,"ind":6,"ty":4,"nm":"r contornos","sr":1,"ks":{"o":{"a":1,"k":[{"i":{"x":[0.833],"y":[0.833]},"o":{"x":[0.167],"y":[0.167]},"n":["0p833_0p833_0p167_0p167"],"t":22,"s":[0],"e":[100]},{"i":{"x":[0.833],"y":[0.833]},"o":{"x":[0.167],"y":[0.167]},"n":["0p833_0p833_0p167_0p167"],"t":26,"s":[100],"e":[100]},{"i":{"x":[0.833],"y":[0.833]},"o":{"x":[0.167],"y":[0.167]},"n":["0p833_0p833_0p167_0p167"],"t":77,"s":[100],"e":[0]},{"t":86.0000035028518}],"ix":11},"r":{"a":0,"k":0,"ix":10},"p":{"a":0,"k":[457.018,164.277,0],"ix":2},"a":{"a":0,"k":[30.935,39.37,0],"ix":1},"s":{"a":0,"k":[100,100,100],"ix":6}},"ao":0,"shapes":[{"ty":"gr","it":[{"ind":0,"ty":"sh","ix":1,"ks":{"a":0,"k":{"i":[[8.249,0],[0,0],[0,0.851],[0,0],[-0.851,0],[0,0],[0,-7.591]],"o":[[0,0],[-0.851,0],[0,0],[0,-0.851],[0,0],[8.142,0],[0,7.754]],"v":[[-0.184,-1.383],[-12.754,-1.383],[-14.295,-2.923],[-14.295,-24.783],[-12.754,-26.324],[-0.347,-26.324],[12.896,-13.854]],"c":true},"ix":2},"nm":"Trazado 1","mn":"ADBE Vector Shape - Group","hd":false},{"ind":1,"ty":"sh","ix":2,"ks":{"a":0,"k":{"i":[[0,10.03],[18.019,0],[0,0],[0,-1.702],[0,0],[-1.701,0],[0,0],[0,1.703],[0,0],[0,0],[0,0],[-1.158,0],[0,0],[1.09,2.053],[0,0]],"o":[[0,-15.454],[0,0],[-1.701,0],[0,0],[0,1.703],[0,0],[1.702,0],[0,0],[0,0],[0,0],[0.526,1.032],[0,0],[2.324,0],[0,0],[9.009,-3.525]],"v":[[29.72,-14.178],[1.39,-39.12],[-27.604,-39.12],[-30.685,-36.038],[-30.685,36.038],[-27.604,39.12],[-17.376,39.12],[-14.295,36.038],[-14.295,10.492],[-1.161,10.492],[12.581,37.439],[15.326,39.12],[26.874,39.12],[29.595,34.594],[15.501,8.053]],"c":true},"ix":2},"nm":"Trazado 2","mn":"ADBE Vector Shape - Group","hd":false},{"ty":"mm","mm":1,"nm":"Combinar trazados 1","mn":"ADBE Vector Filter - Merge","hd":false},{"ty":"fl","c":{"a":0,"k":[0.270999983245,0.438999998803,1,1],"ix":4},"o":{"a":0,"k":100,"ix":5},"r":1,"nm":"Relleno 1","mn":"ADBE Vector Graphic - Fill","hd":false},{"ty":"tr","p":{"a":0,"k":[30.935,39.371],"ix":2},"a":{"a":0,"k":[0,0],"ix":1},"s":{"a":0,"k":[100,100],"ix":3},"r":{"a":0,"k":0,"ix":6},"o":{"a":0,"k":100,"ix":7},"sk":{"a":0,"k":0,"ix":4},"sa":{"a":0,"k":0,"ix":5},"nm":"Transformar"}],"nm":"Grupo 1","np":4,"cix":2,"ix":1,"mn":"ADBE Vector Group","hd":false}],"ip":22.0000008960784,"op":132.00000537647,"st":6.00000024438501,"bm":0},{"ddd":0,"ind":7,"ty":4,"nm":"z contornos","sr":1,"ks":{"o":{"a":1,"k":[{"i":{"x":[0.833],"y":[0.833]},"o":{"x":[0.167],"y":[0.167]},"n":["0p833_0p833_0p167_0p167"],"t":20,"s":[0],"e":[100]},{"i":{"x":[0.833],"y":[0.833]},"o":{"x":[0.167],"y":[0.167]},"n":["0p833_0p833_0p167_0p167"],"t":24,"s":[100],"e":[100]},{"i":{"x":[0.833],"y":[0.833]},"o":{"x":[0.167],"y":[0.167]},"n":["0p833_0p833_0p167_0p167"],"t":77,"s":[100],"e":[0]},{"t":86.0000035028518}],"ix":11},"r":{"a":0,"k":0,"ix":10},"p":{"a":0,"k":[381.503,164.277,0],"ix":2},"a":{"a":0,"k":[36.373,39.37,0],"ix":1},"s":{"a":0,"k":[100,100,100],"ix":6}},"ao":0,"shapes":[{"ty":"gr","it":[{"ind":0,"ty":"sh","ix":1,"ks":{"a":0,"k":{"i":[[0,0],[-0.31,0.993],[0,0],[0,0],[0,0],[1.04,0]],"o":[[-1.04,0],[0,0],[0,0],[0,0],[0.311,0.993],[0,0]],"v":[[-8.43,7.889],[-9.901,5.887],[-0.488,-24.156],[-0.108,-24.156],[9.306,5.887],[7.836,7.889]],"c":true},"ix":2},"nm":"Trazado 1","mn":"ADBE Vector Shape - Group","hd":false},{"ind":1,"ty":"sh","ix":2,"ks":{"a":0,"k":{"i":[[0.43,-1.239],[0,0],[-2.119,0],[0,0],[-0.404,1.284],[0,0],[0,0],[0,0],[-1.346,0],[0,0],[0.698,2.003],[0,0],[1.31,0],[0,0]],"o":[[0,0],[-0.696,2.003],[0,0],[1.345,0],[0,0],[0,0],[0,0],[0.403,1.284],[0,0],[2.12,0],[0,0],[-0.432,-1.238],[0,0],[-1.312,0]],"v":[[-10.379,-37.05],[-35.427,35.027],[-32.517,39.12],[-22.286,39.12],[-19.348,36.964],[-14.056,20.144],[13.461,20.144],[18.753,36.964],[21.691,39.12],[32.516,39.12],[35.426,35.025],[10.328,-37.053],[7.418,-39.12],[-7.469,-39.12]],"c":true},"ix":2},"nm":"Trazado 2","mn":"ADBE Vector Shape - Group","hd":false},{"ty":"mm","mm":1,"nm":"Combinar trazados 1","mn":"ADBE Vector Filter - Merge","hd":false},{"ty":"fl","c":{"a":0,"k":[0.270999983245,0.438999998803,1,1],"ix":4},"o":{"a":0,"k":100,"ix":5},"r":1,"nm":"Relleno 1","mn":"ADBE Vector Graphic - Fill","hd":false},{"ty":"tr","p":{"a":0,"k":[36.373,39.371],"ix":2},"a":{"a":0,"k":[0,0],"ix":1},"s":{"a":0,"k":[100,100],"ix":3},"r":{"a":0,"k":0,"ix":6},"o":{"a":0,"k":100,"ix":7},"sk":{"a":0,"k":0,"ix":4},"sa":{"a":0,"k":0,"ix":5},"nm":"Transformar"}],"nm":"Grupo 1","np":4,"cix":2,"ix":1,"mn":"ADBE Vector Group","hd":false}],"ip":20.0000008146167,"op":130.000005295009,"st":10.0000004073083,"bm":0}]}